ISO-10303-21;
HEADER;
FILE_DESCRIPTION(('FreeCAD Model'),'2;1');
FILE_NAME('Open CASCADE Shape Model','2026-06-17T12:08:25',('FreeCAD'),(
    'FreeCAD'),'Open CASCADE STEP processor 7.8','FreeCAD','Unknown');
FILE_SCHEMA(('AUTOMOTIVE_DESIGN { 1 0 10303 214 1 1 1 1 }'));
ENDSEC;
DATA;
#1 = APPLICATION_PROTOCOL_DEFINITION('international standard',
  'automotive_design',2000,#2);
#2 = APPLICATION_CONTEXT(
  'core data for automotive mechanical design processes');
#3 = SHAPE_DEFINITION_REPRESENTATION(#4,#10);
#4 = PRODUCT_DEFINITION_SHAPE('','',#5);
#5 = PRODUCT_DEFINITION('design','',#6,#9);
#6 = PRODUCT_DEFINITION_FORMATION('','',#7);
#7 = PRODUCT('Open CASCADE STEP translator 7.8 1',
  'Open CASCADE STEP translator 7.8 1','',(#8));
#8 = PRODUCT_CONTEXT('',#2,'mechanical');
#9 = PRODUCT_DEFINITION_CONTEXT('part definition',#2,'design');
#10 = SHAPE_REPRESENTATION('',(#11,#15,#177,#425,#568,#941,#1084,#1246,
    #1383,#1709,#2035,#3248,#4014,#4106,#4204,#4257,#4349,#4441,#4494,
    #4592,#4684),#4776);
#11 = AXIS2_PLACEMENT_3D('',#12,#13,#14);
#12 = CARTESIAN_POINT('',(0.,0.,0.));
#13 = DIRECTION('',(0.,0.,1.));
#14 = DIRECTION('',(1.,0.,-0.));
#15 = MANIFOLD_SOLID_BREP('',#16);
#16 = CLOSED_SHELL('',(#17,#50,#75,#95,#115,#140,#165));
#17 = ADVANCED_FACE('',(#18),#45,.T.);
#18 = FACE_BOUND('',#19,.T.);
#19 = EDGE_LOOP('',(#20,#29,#37,#44));
#20 = ORIENTED_EDGE('',*,*,#21,.F.);
#21 = EDGE_CURVE('',#22,#22,#24,.T.);
#22 = VERTEX_POINT('',#23);
#23 = CARTESIAN_POINT('',(40.64,-9.95392918347E-15,-16.51));
#24 = CIRCLE('',#25,40.64);
#25 = AXIS2_PLACEMENT_3D('',#26,#27,#28);
#26 = CARTESIAN_POINT('',(0.,0.,-16.51));
#27 = DIRECTION('',(0.,0.,1.));
#28 = DIRECTION('',(1.,0.,0.));
#29 = ORIENTED_EDGE('',*,*,#30,.F.);
#30 = EDGE_CURVE('',#31,#22,#33,.T.);
#31 = VERTEX_POINT('',#32);
#32 = CARTESIAN_POINT('',(40.64,-9.95392918347E-15,-67.31));
#33 = LINE('',#34,#35);
#34 = CARTESIAN_POINT('',(40.64,-9.95392918347E-15,-67.31));
#35 = VECTOR('',#36,1.);
#36 = DIRECTION('',(0.,0.,1.));
#37 = ORIENTED_EDGE('',*,*,#38,.T.);
#38 = EDGE_CURVE('',#31,#31,#39,.T.);
#39 = CIRCLE('',#40,40.64);
#40 = AXIS2_PLACEMENT_3D('',#41,#42,#43);
#41 = CARTESIAN_POINT('',(0.,0.,-67.31));
#42 = DIRECTION('',(0.,0.,1.));
#43 = DIRECTION('',(1.,0.,0.));
#44 = ORIENTED_EDGE('',*,*,#30,.T.);
#45 = CYLINDRICAL_SURFACE('',#46,40.64);
#46 = AXIS2_PLACEMENT_3D('',#47,#48,#49);
#47 = CARTESIAN_POINT('',(0.,0.,-67.31));
#48 = DIRECTION('',(0.,0.,1.));
#49 = DIRECTION('',(1.,0.,0.));
#50 = ADVANCED_FACE('',(#51),#70,.T.);
#51 = FACE_BOUND('',#52,.T.);
#52 = EDGE_LOOP('',(#53,#62,#68,#69));
#53 = ORIENTED_EDGE('',*,*,#54,.F.);
#54 = EDGE_CURVE('',#55,#55,#57,.T.);
#55 = VERTEX_POINT('',#56);
#56 = CARTESIAN_POINT('',(7.62,-1.866361721901E-15,-2.984279490192E-12)
  );
#57 = CIRCLE('',#58,7.62);
#58 = AXIS2_PLACEMENT_3D('',#59,#60,#61);
#59 = CARTESIAN_POINT('',(0.,0.,-2.984279490192E-12));
#60 = DIRECTION('',(0.,0.,1.));
#61 = DIRECTION('',(1.,0.,0.));
#62 = ORIENTED_EDGE('',*,*,#63,.F.);
#63 = EDGE_CURVE('',#22,#55,#64,.T.);
#64 = LINE('',#65,#66);
#65 = CARTESIAN_POINT('',(40.64,-9.95392918347E-15,-16.51));
#66 = VECTOR('',#67,1.);
#67 = DIRECTION('',(-0.894427191,2.190714793057E-16,0.4472135955));
#68 = ORIENTED_EDGE('',*,*,#21,.T.);
#69 = ORIENTED_EDGE('',*,*,#63,.T.);
#70 = CONICAL_SURFACE('',#71,40.64,1.107148717794);
#71 = AXIS2_PLACEMENT_3D('',#72,#73,#74);
#72 = CARTESIAN_POINT('',(0.,0.,-16.51));
#73 = DIRECTION('',(-0.,-0.,-1.));
#74 = DIRECTION('',(1.,0.,0.));
#75 = ADVANCED_FACE('',(#76,#79),#90,.F.);
#76 = FACE_BOUND('',#77,.F.);
#77 = EDGE_LOOP('',(#78));
#78 = ORIENTED_EDGE('',*,*,#38,.T.);
#79 = FACE_BOUND('',#80,.F.);
#80 = EDGE_LOOP('',(#81));
#81 = ORIENTED_EDGE('',*,*,#82,.F.);
#82 = EDGE_CURVE('',#83,#83,#85,.T.);
#83 = VERTEX_POINT('',#84);
#84 = CARTESIAN_POINT('',(38.1,-9.331808609503E-15,-67.31));
#85 = CIRCLE('',#86,38.1);
#86 = AXIS2_PLACEMENT_3D('',#87,#88,#89);
#87 = CARTESIAN_POINT('',(0.,0.,-67.31));
#88 = DIRECTION('',(0.,0.,1.));
#89 = DIRECTION('',(1.,0.,0.));
#90 = PLANE('',#91);
#91 = AXIS2_PLACEMENT_3D('',#92,#93,#94);
#92 = CARTESIAN_POINT('',(0.,0.,-67.31));
#93 = DIRECTION('',(0.,0.,1.));
#94 = DIRECTION('',(1.,0.,0.));
#95 = ADVANCED_FACE('',(#96,#99),#110,.T.);
#96 = FACE_BOUND('',#97,.T.);
#97 = EDGE_LOOP('',(#98));
#98 = ORIENTED_EDGE('',*,*,#54,.T.);
#99 = FACE_BOUND('',#100,.T.);
#100 = EDGE_LOOP('',(#101));
#101 = ORIENTED_EDGE('',*,*,#102,.F.);
#102 = EDGE_CURVE('',#103,#103,#105,.T.);
#103 = VERTEX_POINT('',#104);
#104 = CARTESIAN_POINT('',(5.842,-1.430877320124E-15,-2.984279490192E-12
    ));
#105 = CIRCLE('',#106,5.842);
#106 = AXIS2_PLACEMENT_3D('',#107,#108,#109);
#107 = CARTESIAN_POINT('',(0.,0.,-2.984279490192E-12));
#108 = DIRECTION('',(0.,0.,1.));
#109 = DIRECTION('',(1.,0.,0.));
#110 = PLANE('',#111);
#111 = AXIS2_PLACEMENT_3D('',#112,#113,#114);
#112 = CARTESIAN_POINT('',(0.,0.,-2.984279490192E-12));
#113 = DIRECTION('',(0.,0.,1.));
#114 = DIRECTION('',(1.,0.,0.));
#115 = ADVANCED_FACE('',(#116),#135,.F.);
#116 = FACE_BOUND('',#117,.F.);
#117 = EDGE_LOOP('',(#118,#127,#133,#134));
#118 = ORIENTED_EDGE('',*,*,#119,.F.);
#119 = EDGE_CURVE('',#120,#120,#122,.T.);
#120 = VERTEX_POINT('',#121);
#121 = CARTESIAN_POINT('',(38.1,-9.331808609503E-15,-20.32));
#122 = CIRCLE('',#123,38.1);
#123 = AXIS2_PLACEMENT_3D('',#124,#125,#126);
#124 = CARTESIAN_POINT('',(0.,0.,-20.32));
#125 = DIRECTION('',(0.,0.,1.));
#126 = DIRECTION('',(1.,0.,0.));
#127 = ORIENTED_EDGE('',*,*,#128,.F.);
#128 = EDGE_CURVE('',#83,#120,#129,.T.);
#129 = LINE('',#130,#131);
#130 = CARTESIAN_POINT('',(38.1,-9.331808609503E-15,-67.31));
#131 = VECTOR('',#132,1.);
#132 = DIRECTION('',(0.,0.,1.));
#133 = ORIENTED_EDGE('',*,*,#82,.T.);
#134 = ORIENTED_EDGE('',*,*,#128,.T.);
#135 = CYLINDRICAL_SURFACE('',#136,38.1);
#136 = AXIS2_PLACEMENT_3D('',#137,#138,#139);
#137 = CARTESIAN_POINT('',(0.,0.,-67.31));
#138 = DIRECTION('',(0.,0.,1.));
#139 = DIRECTION('',(1.,0.,0.));
#140 = ADVANCED_FACE('',(#141),#160,.F.);
#141 = FACE_BOUND('',#142,.F.);
#142 = EDGE_LOOP('',(#143,#151,#152,#153));
#143 = ORIENTED_EDGE('',*,*,#144,.T.);
#144 = EDGE_CURVE('',#145,#103,#147,.T.);
#145 = VERTEX_POINT('',#146);
#146 = CARTESIAN_POINT('',(5.842,-1.430877320124E-15,-20.32));
#147 = LINE('',#148,#149);
#148 = CARTESIAN_POINT('',(5.842,-1.430877320124E-15,-67.31));
#149 = VECTOR('',#150,1.);
#150 = DIRECTION('',(0.,0.,1.));
#151 = ORIENTED_EDGE('',*,*,#102,.F.);
#152 = ORIENTED_EDGE('',*,*,#144,.F.);
#153 = ORIENTED_EDGE('',*,*,#154,.T.);
#154 = EDGE_CURVE('',#145,#145,#155,.T.);
#155 = CIRCLE('',#156,5.842);
#156 = AXIS2_PLACEMENT_3D('',#157,#158,#159);
#157 = CARTESIAN_POINT('',(0.,0.,-20.32));
#158 = DIRECTION('',(0.,0.,1.));
#159 = DIRECTION('',(1.,0.,0.));
#160 = CYLINDRICAL_SURFACE('',#161,5.842);
#161 = AXIS2_PLACEMENT_3D('',#162,#163,#164);
#162 = CARTESIAN_POINT('',(0.,0.,-67.31));
#163 = DIRECTION('',(0.,0.,1.));
#164 = DIRECTION('',(1.,0.,0.));
#165 = ADVANCED_FACE('',(#166,#169),#172,.F.);
#166 = FACE_BOUND('',#167,.F.);
#167 = EDGE_LOOP('',(#168));
#168 = ORIENTED_EDGE('',*,*,#119,.T.);
#169 = FACE_BOUND('',#170,.F.);
#170 = EDGE_LOOP('',(#171));
#171 = ORIENTED_EDGE('',*,*,#154,.F.);
#172 = PLANE('',#173);
#173 = AXIS2_PLACEMENT_3D('',#174,#175,#176);
#174 = CARTESIAN_POINT('',(0.,0.,-20.32));
#175 = DIRECTION('',(0.,0.,1.));
#176 = DIRECTION('',(1.,0.,0.));
#177 = MANIFOLD_SOLID_BREP('',#178);
#178 = CLOSED_SHELL('',(#179,#212,#276,#340,#357,#374,#391,#408));
#179 = ADVANCED_FACE('',(#180),#207,.T.);
#180 = FACE_BOUND('',#181,.T.);
#181 = EDGE_LOOP('',(#182,#191,#199,#206));
#182 = ORIENTED_EDGE('',*,*,#183,.F.);
#183 = EDGE_CURVE('',#184,#184,#186,.T.);
#184 = VERTEX_POINT('',#185);
#185 = CARTESIAN_POINT('',(38.1,-9.331808609503E-15,-81.31));
#186 = CIRCLE('',#187,38.1);
#187 = AXIS2_PLACEMENT_3D('',#188,#189,#190);
#188 = CARTESIAN_POINT('',(0.,0.,-81.31));
#189 = DIRECTION('',(0.,0.,1.));
#190 = DIRECTION('',(1.,0.,0.));
#191 = ORIENTED_EDGE('',*,*,#192,.F.);
#192 = EDGE_CURVE('',#193,#184,#195,.T.);
#193 = VERTEX_POINT('',#194);
#194 = CARTESIAN_POINT('',(38.1,-9.331808609503E-15,-100.0044));
#195 = LINE('',#196,#197);
#196 = CARTESIAN_POINT('',(38.1,-9.331808609503E-15,-100.0044));
#197 = VECTOR('',#198,1.);
#198 = DIRECTION('',(0.,0.,1.));
#199 = ORIENTED_EDGE('',*,*,#200,.T.);
#200 = EDGE_CURVE('',#193,#193,#201,.T.);
#201 = CIRCLE('',#202,38.1);
#202 = AXIS2_PLACEMENT_3D('',#203,#204,#205);
#203 = CARTESIAN_POINT('',(0.,0.,-100.0044));
#204 = DIRECTION('',(0.,0.,1.));
#205 = DIRECTION('',(1.,0.,0.));
#206 = ORIENTED_EDGE('',*,*,#192,.T.);
#207 = CYLINDRICAL_SURFACE('',#208,38.1);
#208 = AXIS2_PLACEMENT_3D('',#209,#210,#211);
#209 = CARTESIAN_POINT('',(0.,0.,-100.0044));
#210 = DIRECTION('',(0.,0.,1.));
#211 = DIRECTION('',(1.,0.,0.));
#212 = ADVANCED_FACE('',(#213,#216,#227,#238,#249,#260),#271,.T.);
#213 = FACE_BOUND('',#214,.T.);
#214 = EDGE_LOOP('',(#215));
#215 = ORIENTED_EDGE('',*,*,#183,.T.);
#216 = FACE_BOUND('',#217,.T.);
#217 = EDGE_LOOP('',(#218));
#218 = ORIENTED_EDGE('',*,*,#219,.F.);
#219 = EDGE_CURVE('',#220,#220,#222,.T.);
#220 = VERTEX_POINT('',#221);
#221 = CARTESIAN_POINT('',(-18.11458907845,-20.65458907845,-81.31));
#222 = CIRCLE('',#223,2.54);
#223 = AXIS2_PLACEMENT_3D('',#224,#225,#226);
#224 = CARTESIAN_POINT('',(-20.65458907845,-20.65458907845,-81.31));
#225 = DIRECTION('',(0.,0.,1.));
#226 = DIRECTION('',(1.,0.,0.));
#227 = FACE_BOUND('',#228,.T.);
#228 = EDGE_LOOP('',(#229));
#229 = ORIENTED_EDGE('',*,*,#230,.F.);
#230 = EDGE_CURVE('',#231,#231,#233,.T.);
#231 = VERTEX_POINT('',#232);
#232 = CARTESIAN_POINT('',(23.194589078459,-20.65458907845,-81.31));
#233 = CIRCLE('',#234,2.54);
#234 = AXIS2_PLACEMENT_3D('',#235,#236,#237);
#235 = CARTESIAN_POINT('',(20.654589078459,-20.65458907845,-81.31));
#236 = DIRECTION('',(0.,0.,1.));
#237 = DIRECTION('',(1.,0.,0.));
#238 = FACE_BOUND('',#239,.T.);
#239 = EDGE_LOOP('',(#240));
#240 = ORIENTED_EDGE('',*,*,#241,.F.);
#241 = EDGE_CURVE('',#242,#242,#244,.T.);
#242 = VERTEX_POINT('',#243);
#243 = CARTESIAN_POINT('',(-18.11458907845,20.654589078459,-81.31));
#244 = CIRCLE('',#245,2.54);
#245 = AXIS2_PLACEMENT_3D('',#246,#247,#248);
#246 = CARTESIAN_POINT('',(-20.65458907845,20.654589078459,-81.31));
#247 = DIRECTION('',(0.,0.,1.));
#248 = DIRECTION('',(1.,0.,0.));
#249 = FACE_BOUND('',#250,.T.);
#250 = EDGE_LOOP('',(#251));
#251 = ORIENTED_EDGE('',*,*,#252,.F.);
#252 = EDGE_CURVE('',#253,#253,#255,.T.);
#253 = VERTEX_POINT('',#254);
#254 = CARTESIAN_POINT('',(19.6342,-4.808992036764E-15,-81.31));
#255 = CIRCLE('',#256,19.6342);
#256 = AXIS2_PLACEMENT_3D('',#257,#258,#259);
#257 = CARTESIAN_POINT('',(0.,0.,-81.31));
#258 = DIRECTION('',(0.,0.,1.));
#259 = DIRECTION('',(1.,0.,0.));
#260 = FACE_BOUND('',#261,.T.);
#261 = EDGE_LOOP('',(#262));
#262 = ORIENTED_EDGE('',*,*,#263,.F.);
#263 = EDGE_CURVE('',#264,#264,#266,.T.);
#264 = VERTEX_POINT('',#265);
#265 = CARTESIAN_POINT('',(23.194589078459,20.654589078459,-81.31));
#266 = CIRCLE('',#267,2.54);
#267 = AXIS2_PLACEMENT_3D('',#268,#269,#270);
#268 = CARTESIAN_POINT('',(20.654589078459,20.654589078459,-81.31));
#269 = DIRECTION('',(0.,0.,1.));
#270 = DIRECTION('',(1.,0.,0.));
#271 = PLANE('',#272);
#272 = AXIS2_PLACEMENT_3D('',#273,#274,#275);
#273 = CARTESIAN_POINT('',(0.,0.,-81.31));
#274 = DIRECTION('',(0.,0.,1.));
#275 = DIRECTION('',(1.,0.,0.));
#276 = ADVANCED_FACE('',(#277,#280,#291,#302,#313,#324),#335,.F.);
#277 = FACE_BOUND('',#278,.F.);
#278 = EDGE_LOOP('',(#279));
#279 = ORIENTED_EDGE('',*,*,#200,.T.);
#280 = FACE_BOUND('',#281,.F.);
#281 = EDGE_LOOP('',(#282));
#282 = ORIENTED_EDGE('',*,*,#283,.F.);
#283 = EDGE_CURVE('',#284,#284,#286,.T.);
#284 = VERTEX_POINT('',#285);
#285 = CARTESIAN_POINT('',(-18.11458907845,-20.65458907845,-100.0044));
#286 = CIRCLE('',#287,2.54);
#287 = AXIS2_PLACEMENT_3D('',#288,#289,#290);
#288 = CARTESIAN_POINT('',(-20.65458907845,-20.65458907845,-100.0044));
#289 = DIRECTION('',(0.,0.,1.));
#290 = DIRECTION('',(1.,0.,0.));
#291 = FACE_BOUND('',#292,.F.);
#292 = EDGE_LOOP('',(#293));
#293 = ORIENTED_EDGE('',*,*,#294,.F.);
#294 = EDGE_CURVE('',#295,#295,#297,.T.);
#295 = VERTEX_POINT('',#296);
#296 = CARTESIAN_POINT('',(23.194589078459,-20.65458907845,-100.0044));
#297 = CIRCLE('',#298,2.54);
#298 = AXIS2_PLACEMENT_3D('',#299,#300,#301);
#299 = CARTESIAN_POINT('',(20.654589078459,-20.65458907845,-100.0044));
#300 = DIRECTION('',(0.,0.,1.));
#301 = DIRECTION('',(1.,0.,0.));
#302 = FACE_BOUND('',#303,.F.);
#303 = EDGE_LOOP('',(#304));
#304 = ORIENTED_EDGE('',*,*,#305,.F.);
#305 = EDGE_CURVE('',#306,#306,#308,.T.);
#306 = VERTEX_POINT('',#307);
#307 = CARTESIAN_POINT('',(-18.11458907845,20.654589078459,-100.0044));
#308 = CIRCLE('',#309,2.54);
#309 = AXIS2_PLACEMENT_3D('',#310,#311,#312);
#310 = CARTESIAN_POINT('',(-20.65458907845,20.654589078459,-100.0044));
#311 = DIRECTION('',(0.,0.,1.));
#312 = DIRECTION('',(1.,0.,0.));
#313 = FACE_BOUND('',#314,.F.);
#314 = EDGE_LOOP('',(#315));
#315 = ORIENTED_EDGE('',*,*,#316,.F.);
#316 = EDGE_CURVE('',#317,#317,#319,.T.);
#317 = VERTEX_POINT('',#318);
#318 = CARTESIAN_POINT('',(19.6342,-4.808992036764E-15,-100.0044));
#319 = CIRCLE('',#320,19.6342);
#320 = AXIS2_PLACEMENT_3D('',#321,#322,#323);
#321 = CARTESIAN_POINT('',(0.,0.,-100.0044));
#322 = DIRECTION('',(0.,0.,1.));
#323 = DIRECTION('',(1.,0.,0.));
#324 = FACE_BOUND('',#325,.F.);
#325 = EDGE_LOOP('',(#326));
#326 = ORIENTED_EDGE('',*,*,#327,.F.);
#327 = EDGE_CURVE('',#328,#328,#330,.T.);
#328 = VERTEX_POINT('',#329);
#329 = CARTESIAN_POINT('',(23.194589078459,20.654589078459,-100.0044));
#330 = CIRCLE('',#331,2.54);
#331 = AXIS2_PLACEMENT_3D('',#332,#333,#334);
#332 = CARTESIAN_POINT('',(20.654589078459,20.654589078459,-100.0044));
#333 = DIRECTION('',(0.,0.,1.));
#334 = DIRECTION('',(1.,0.,0.));
#335 = PLANE('',#336);
#336 = AXIS2_PLACEMENT_3D('',#337,#338,#339);
#337 = CARTESIAN_POINT('',(0.,0.,-100.0044));
#338 = DIRECTION('',(0.,0.,1.));
#339 = DIRECTION('',(1.,0.,0.));
#340 = ADVANCED_FACE('',(#341),#352,.F.);
#341 = FACE_BOUND('',#342,.F.);
#342 = EDGE_LOOP('',(#343,#344,#350,#351));
#343 = ORIENTED_EDGE('',*,*,#219,.F.);
#344 = ORIENTED_EDGE('',*,*,#345,.F.);
#345 = EDGE_CURVE('',#284,#220,#346,.T.);
#346 = LINE('',#347,#348);
#347 = CARTESIAN_POINT('',(-18.11458907845,-20.65458907845,-118.6988));
#348 = VECTOR('',#349,1.);
#349 = DIRECTION('',(0.,0.,1.));
#350 = ORIENTED_EDGE('',*,*,#283,.T.);
#351 = ORIENTED_EDGE('',*,*,#345,.T.);
#352 = CYLINDRICAL_SURFACE('',#353,2.54);
#353 = AXIS2_PLACEMENT_3D('',#354,#355,#356);
#354 = CARTESIAN_POINT('',(-20.65458907845,-20.65458907845,-118.6988));
#355 = DIRECTION('',(0.,0.,1.));
#356 = DIRECTION('',(1.,0.,0.));
#357 = ADVANCED_FACE('',(#358),#369,.F.);
#358 = FACE_BOUND('',#359,.F.);
#359 = EDGE_LOOP('',(#360,#361,#367,#368));
#360 = ORIENTED_EDGE('',*,*,#230,.F.);
#361 = ORIENTED_EDGE('',*,*,#362,.F.);
#362 = EDGE_CURVE('',#295,#231,#363,.T.);
#363 = LINE('',#364,#365);
#364 = CARTESIAN_POINT('',(23.194589078459,-20.65458907845,-118.6988));
#365 = VECTOR('',#366,1.);
#366 = DIRECTION('',(0.,0.,1.));
#367 = ORIENTED_EDGE('',*,*,#294,.T.);
#368 = ORIENTED_EDGE('',*,*,#362,.T.);
#369 = CYLINDRICAL_SURFACE('',#370,2.54);
#370 = AXIS2_PLACEMENT_3D('',#371,#372,#373);
#371 = CARTESIAN_POINT('',(20.654589078459,-20.65458907845,-118.6988));
#372 = DIRECTION('',(0.,0.,1.));
#373 = DIRECTION('',(1.,0.,0.));
#374 = ADVANCED_FACE('',(#375),#386,.F.);
#375 = FACE_BOUND('',#376,.F.);
#376 = EDGE_LOOP('',(#377,#378,#384,#385));
#377 = ORIENTED_EDGE('',*,*,#241,.F.);
#378 = ORIENTED_EDGE('',*,*,#379,.F.);
#379 = EDGE_CURVE('',#306,#242,#380,.T.);
#380 = LINE('',#381,#382);
#381 = CARTESIAN_POINT('',(-18.11458907845,20.654589078459,-118.6988));
#382 = VECTOR('',#383,1.);
#383 = DIRECTION('',(0.,0.,1.));
#384 = ORIENTED_EDGE('',*,*,#305,.T.);
#385 = ORIENTED_EDGE('',*,*,#379,.T.);
#386 = CYLINDRICAL_SURFACE('',#387,2.54);
#387 = AXIS2_PLACEMENT_3D('',#388,#389,#390);
#388 = CARTESIAN_POINT('',(-20.65458907845,20.654589078459,-118.6988));
#389 = DIRECTION('',(0.,0.,1.));
#390 = DIRECTION('',(1.,0.,0.));
#391 = ADVANCED_FACE('',(#392),#403,.F.);
#392 = FACE_BOUND('',#393,.F.);
#393 = EDGE_LOOP('',(#394,#395,#401,#402));
#394 = ORIENTED_EDGE('',*,*,#252,.F.);
#395 = ORIENTED_EDGE('',*,*,#396,.F.);
#396 = EDGE_CURVE('',#317,#253,#397,.T.);
#397 = LINE('',#398,#399);
#398 = CARTESIAN_POINT('',(19.6342,-4.808992036764E-15,-100.0044));
#399 = VECTOR('',#400,1.);
#400 = DIRECTION('',(0.,0.,1.));
#401 = ORIENTED_EDGE('',*,*,#316,.T.);
#402 = ORIENTED_EDGE('',*,*,#396,.T.);
#403 = CYLINDRICAL_SURFACE('',#404,19.6342);
#404 = AXIS2_PLACEMENT_3D('',#405,#406,#407);
#405 = CARTESIAN_POINT('',(0.,0.,-100.0044));
#406 = DIRECTION('',(0.,0.,1.));
#407 = DIRECTION('',(1.,0.,0.));
#408 = ADVANCED_FACE('',(#409),#420,.F.);
#409 = FACE_BOUND('',#410,.F.);
#410 = EDGE_LOOP('',(#411,#412,#418,#419));
#411 = ORIENTED_EDGE('',*,*,#263,.F.);
#412 = ORIENTED_EDGE('',*,*,#413,.F.);
#413 = EDGE_CURVE('',#328,#264,#414,.T.);
#414 = LINE('',#415,#416);
#415 = CARTESIAN_POINT('',(23.194589078459,20.654589078459,-118.6988));
#416 = VECTOR('',#417,1.);
#417 = DIRECTION('',(0.,0.,1.));
#418 = ORIENTED_EDGE('',*,*,#327,.T.);
#419 = ORIENTED_EDGE('',*,*,#413,.T.);
#420 = CYLINDRICAL_SURFACE('',#421,2.54);
#421 = AXIS2_PLACEMENT_3D('',#422,#423,#424);
#422 = CARTESIAN_POINT('',(20.654589078459,20.654589078459,-118.6988));
#423 = DIRECTION('',(0.,0.,1.));
#424 = DIRECTION('',(1.,0.,0.));
#425 = MANIFOLD_SOLID_BREP('',#426);
#426 = CLOSED_SHELL('',(#427,#461,#486,#511,#531,#551));
#427 = ADVANCED_FACE('',(#428),#456,.T.);
#428 = FACE_BOUND('',#429,.T.);
#429 = EDGE_LOOP('',(#430,#439,#448,#455));
#430 = ORIENTED_EDGE('',*,*,#431,.T.);
#431 = EDGE_CURVE('',#432,#432,#434,.T.);
#432 = VERTEX_POINT('',#433);
#433 = CARTESIAN_POINT('',(5.207,-1.275347176632E-15,-127.3577467051));
#434 = CIRCLE('',#435,5.207);
#435 = AXIS2_PLACEMENT_3D('',#436,#437,#438);
#436 = CARTESIAN_POINT('',(0.,0.,-127.3577467051));
#437 = DIRECTION('',(-0.,0.,1.));
#438 = DIRECTION('',(0.,-1.,0.));
#439 = ORIENTED_EDGE('',*,*,#440,.T.);
#440 = EDGE_CURVE('',#432,#441,#443,.T.);
#441 = VERTEX_POINT('',#442);
#442 = CARTESIAN_POINT('',(5.207,-1.275347176632E-15,-117.6690532948));
#443 = CIRCLE('',#444,7.112);
#444 = AXIS2_PLACEMENT_3D('',#445,#446,#447);
#445 = CARTESIAN_POINT('',(0.,0.,-122.5134));
#446 = DIRECTION('',(-2.449293598295E-16,-1.,0.));
#447 = DIRECTION('',(1.,-2.449293598295E-16,0.));
#448 = ORIENTED_EDGE('',*,*,#449,.F.);
#449 = EDGE_CURVE('',#441,#441,#450,.T.);
#450 = CIRCLE('',#451,5.207);
#451 = AXIS2_PLACEMENT_3D('',#452,#453,#454);
#452 = CARTESIAN_POINT('',(0.,0.,-117.6690532948));
#453 = DIRECTION('',(-0.,0.,1.));
#454 = DIRECTION('',(0.,-1.,0.));
#455 = ORIENTED_EDGE('',*,*,#440,.F.);
#456 = SPHERICAL_SURFACE('',#457,7.112);
#457 = AXIS2_PLACEMENT_3D('',#458,#459,#460);
#458 = CARTESIAN_POINT('',(0.,0.,-122.5134));
#459 = DIRECTION('',(0.,0.,1.));
#460 = DIRECTION('',(1.,0.,0.));
#461 = ADVANCED_FACE('',(#462),#481,.T.);
#462 = FACE_BOUND('',#463,.T.);
#463 = EDGE_LOOP('',(#464,#465,#473,#480));
#464 = ORIENTED_EDGE('',*,*,#431,.F.);
#465 = ORIENTED_EDGE('',*,*,#466,.F.);
#466 = EDGE_CURVE('',#467,#432,#469,.T.);
#467 = VERTEX_POINT('',#468);
#468 = CARTESIAN_POINT('',(5.207,-1.275347176632E-15,-131.0224));
#469 = LINE('',#470,#471);
#470 = CARTESIAN_POINT('',(5.207,-1.275347176632E-15,-131.0224));
#471 = VECTOR('',#472,1.);
#472 = DIRECTION('',(0.,0.,1.));
#473 = ORIENTED_EDGE('',*,*,#474,.T.);
#474 = EDGE_CURVE('',#467,#467,#475,.T.);
#475 = CIRCLE('',#476,5.207);
#476 = AXIS2_PLACEMENT_3D('',#477,#478,#479);
#477 = CARTESIAN_POINT('',(0.,0.,-131.0224));
#478 = DIRECTION('',(0.,0.,1.));
#479 = DIRECTION('',(1.,0.,0.));
#480 = ORIENTED_EDGE('',*,*,#466,.T.);
#481 = CYLINDRICAL_SURFACE('',#482,5.207);
#482 = AXIS2_PLACEMENT_3D('',#483,#484,#485);
#483 = CARTESIAN_POINT('',(0.,0.,-131.0224));
#484 = DIRECTION('',(0.,0.,1.));
#485 = DIRECTION('',(1.,0.,0.));
#486 = ADVANCED_FACE('',(#487),#506,.T.);
#487 = FACE_BOUND('',#488,.T.);
#488 = EDGE_LOOP('',(#489,#497,#504,#505));
#489 = ORIENTED_EDGE('',*,*,#490,.T.);
#490 = EDGE_CURVE('',#441,#491,#493,.T.);
#491 = VERTEX_POINT('',#492);
#492 = CARTESIAN_POINT('',(5.207,-1.275347176632E-15,-114.0044));
#493 = LINE('',#494,#495);
#494 = CARTESIAN_POINT('',(5.207,-1.275347176632E-15,-122.5134));
#495 = VECTOR('',#496,1.);
#496 = DIRECTION('',(0.,0.,1.));
#497 = ORIENTED_EDGE('',*,*,#498,.F.);
#498 = EDGE_CURVE('',#491,#491,#499,.T.);
#499 = CIRCLE('',#500,5.207);
#500 = AXIS2_PLACEMENT_3D('',#501,#502,#503);
#501 = CARTESIAN_POINT('',(0.,0.,-114.0044));
#502 = DIRECTION('',(0.,0.,1.));
#503 = DIRECTION('',(1.,0.,0.));
#504 = ORIENTED_EDGE('',*,*,#490,.F.);
#505 = ORIENTED_EDGE('',*,*,#449,.T.);
#506 = CYLINDRICAL_SURFACE('',#507,5.207);
#507 = AXIS2_PLACEMENT_3D('',#508,#509,#510);
#508 = CARTESIAN_POINT('',(0.,0.,-122.5134));
#509 = DIRECTION('',(0.,0.,1.));
#510 = DIRECTION('',(1.,0.,0.));
#511 = ADVANCED_FACE('',(#512,#515),#526,.F.);
#512 = FACE_BOUND('',#513,.F.);
#513 = EDGE_LOOP('',(#514));
#514 = ORIENTED_EDGE('',*,*,#474,.T.);
#515 = FACE_BOUND('',#516,.F.);
#516 = EDGE_LOOP('',(#517));
#517 = ORIENTED_EDGE('',*,*,#518,.F.);
#518 = EDGE_CURVE('',#519,#519,#521,.T.);
#519 = VERTEX_POINT('',#520);
#520 = CARTESIAN_POINT('',(3.175,-7.776507174586E-16,-131.0224));
#521 = CIRCLE('',#522,3.175);
#522 = AXIS2_PLACEMENT_3D('',#523,#524,#525);
#523 = CARTESIAN_POINT('',(0.,0.,-131.0224));
#524 = DIRECTION('',(0.,0.,1.));
#525 = DIRECTION('',(1.,0.,0.));
#526 = PLANE('',#527);
#527 = AXIS2_PLACEMENT_3D('',#528,#529,#530);
#528 = CARTESIAN_POINT('',(0.,0.,-131.0224));
#529 = DIRECTION('',(0.,0.,1.));
#530 = DIRECTION('',(1.,0.,0.));
#531 = ADVANCED_FACE('',(#532,#535),#546,.T.);
#532 = FACE_BOUND('',#533,.T.);
#533 = EDGE_LOOP('',(#534));
#534 = ORIENTED_EDGE('',*,*,#498,.T.);
#535 = FACE_BOUND('',#536,.T.);
#536 = EDGE_LOOP('',(#537));
#537 = ORIENTED_EDGE('',*,*,#538,.F.);
#538 = EDGE_CURVE('',#539,#539,#541,.T.);
#539 = VERTEX_POINT('',#540);
#540 = CARTESIAN_POINT('',(3.175,-7.776507174586E-16,-114.0044));
#541 = CIRCLE('',#542,3.175);
#542 = AXIS2_PLACEMENT_3D('',#543,#544,#545);
#543 = CARTESIAN_POINT('',(0.,0.,-114.0044));
#544 = DIRECTION('',(0.,0.,1.));
#545 = DIRECTION('',(1.,0.,0.));
#546 = PLANE('',#547);
#547 = AXIS2_PLACEMENT_3D('',#548,#549,#550);
#548 = CARTESIAN_POINT('',(0.,0.,-114.0044));
#549 = DIRECTION('',(0.,0.,1.));
#550 = DIRECTION('',(1.,0.,0.));
#551 = ADVANCED_FACE('',(#552),#563,.F.);
#552 = FACE_BOUND('',#553,.F.);
#553 = EDGE_LOOP('',(#554,#555,#561,#562));
#554 = ORIENTED_EDGE('',*,*,#538,.F.);
#555 = ORIENTED_EDGE('',*,*,#556,.F.);
#556 = EDGE_CURVE('',#519,#539,#557,.T.);
#557 = LINE('',#558,#559);
#558 = CARTESIAN_POINT('',(3.175,-7.776507174586E-16,-132.7242));
#559 = VECTOR('',#560,1.);
#560 = DIRECTION('',(0.,0.,1.));
#561 = ORIENTED_EDGE('',*,*,#518,.T.);
#562 = ORIENTED_EDGE('',*,*,#556,.T.);
#563 = CYLINDRICAL_SURFACE('',#564,3.175);
#564 = AXIS2_PLACEMENT_3D('',#565,#566,#567);
#565 = CARTESIAN_POINT('',(0.,0.,-132.7242));
#566 = DIRECTION('',(0.,0.,1.));
#567 = DIRECTION('',(1.,0.,0.));
#568 = MANIFOLD_SOLID_BREP('',#569);
#569 = CLOSED_SHELL('',(#570,#603,#623,#632,#657,#677,#702,#722,#747,
    #767,#792,#812,#837,#862,#887,#907,#932));
#570 = ADVANCED_FACE('',(#571),#598,.T.);
#571 = FACE_BOUND('',#572,.T.);
#572 = EDGE_LOOP('',(#573,#582,#590,#597));
#573 = ORIENTED_EDGE('',*,*,#574,.F.);
#574 = EDGE_CURVE('',#575,#575,#577,.T.);
#575 = VERTEX_POINT('',#576);
#576 = CARTESIAN_POINT('',(3.556,-8.709688035536E-16,-232.5254));
#577 = CIRCLE('',#578,3.556);
#578 = AXIS2_PLACEMENT_3D('',#579,#580,#581);
#579 = CARTESIAN_POINT('',(0.,0.,-232.5254));
#580 = DIRECTION('',(0.,0.,1.));
#581 = DIRECTION('',(1.,0.,0.));
#582 = ORIENTED_EDGE('',*,*,#583,.F.);
#583 = EDGE_CURVE('',#584,#575,#586,.T.);
#584 = VERTEX_POINT('',#585);
#585 = CARTESIAN_POINT('',(3.556,-8.709688035536E-16,-280.1504));
#586 = LINE('',#587,#588);
#587 = CARTESIAN_POINT('',(3.556,-8.709688035536E-16,-280.1504));
#588 = VECTOR('',#589,1.);
#589 = DIRECTION('',(0.,0.,1.));
#590 = ORIENTED_EDGE('',*,*,#591,.T.);
#591 = EDGE_CURVE('',#584,#584,#592,.T.);
#592 = CIRCLE('',#593,3.556);
#593 = AXIS2_PLACEMENT_3D('',#594,#595,#596);
#594 = CARTESIAN_POINT('',(0.,0.,-280.1504));
#595 = DIRECTION('',(0.,0.,1.));
#596 = DIRECTION('',(1.,0.,0.));
#597 = ORIENTED_EDGE('',*,*,#583,.T.);
#598 = CYLINDRICAL_SURFACE('',#599,3.556);
#599 = AXIS2_PLACEMENT_3D('',#600,#601,#602);
#600 = CARTESIAN_POINT('',(0.,0.,-280.1504));
#601 = DIRECTION('',(0.,0.,1.));
#602 = DIRECTION('',(1.,0.,0.));
#603 = ADVANCED_FACE('',(#604,#615),#618,.F.);
#604 = FACE_BOUND('',#605,.F.);
#605 = EDGE_LOOP('',(#606));
#606 = ORIENTED_EDGE('',*,*,#607,.T.);
#607 = EDGE_CURVE('',#608,#608,#610,.T.);
#608 = VERTEX_POINT('',#609);
#609 = CARTESIAN_POINT('',(7.112,-1.741937607107E-15,-232.5254));
#610 = CIRCLE('',#611,7.112);
#611 = AXIS2_PLACEMENT_3D('',#612,#613,#614);
#612 = CARTESIAN_POINT('',(0.,0.,-232.5254));
#613 = DIRECTION('',(0.,0.,1.));
#614 = DIRECTION('',(1.,0.,0.));
#615 = FACE_BOUND('',#616,.F.);
#616 = EDGE_LOOP('',(#617));
#617 = ORIENTED_EDGE('',*,*,#574,.F.);
#618 = PLANE('',#619);
#619 = AXIS2_PLACEMENT_3D('',#620,#621,#622);
#620 = CARTESIAN_POINT('',(0.,0.,-232.5254));
#621 = DIRECTION('',(0.,0.,1.));
#622 = DIRECTION('',(1.,0.,0.));
#623 = ADVANCED_FACE('',(#624),#627,.F.);
#624 = FACE_BOUND('',#625,.T.);
#625 = EDGE_LOOP('',(#626));
#626 = ORIENTED_EDGE('',*,*,#591,.F.);
#627 = PLANE('',#628);
#628 = AXIS2_PLACEMENT_3D('',#629,#630,#631);
#629 = CARTESIAN_POINT('',(0.,0.,-280.1504));
#630 = DIRECTION('',(0.,0.,1.));
#631 = DIRECTION('',(1.,0.,0.));
#632 = ADVANCED_FACE('',(#633),#652,.T.);
#633 = FACE_BOUND('',#634,.T.);
#634 = EDGE_LOOP('',(#635,#644,#650,#651));
#635 = ORIENTED_EDGE('',*,*,#636,.F.);
#636 = EDGE_CURVE('',#637,#637,#639,.T.);
#637 = VERTEX_POINT('',#638);
#638 = CARTESIAN_POINT('',(7.112,-1.741937607107E-15,-229.9854));
#639 = CIRCLE('',#640,7.112);
#640 = AXIS2_PLACEMENT_3D('',#641,#642,#643);
#641 = CARTESIAN_POINT('',(0.,0.,-229.9854));
#642 = DIRECTION('',(0.,0.,1.));
#643 = DIRECTION('',(1.,0.,0.));
#644 = ORIENTED_EDGE('',*,*,#645,.F.);
#645 = EDGE_CURVE('',#608,#637,#646,.T.);
#646 = LINE('',#647,#648);
#647 = CARTESIAN_POINT('',(7.112,-1.741937607107E-15,-232.5254));
#648 = VECTOR('',#649,1.);
#649 = DIRECTION('',(0.,0.,1.));
#650 = ORIENTED_EDGE('',*,*,#607,.T.);
#651 = ORIENTED_EDGE('',*,*,#645,.T.);
#652 = CYLINDRICAL_SURFACE('',#653,7.112);
#653 = AXIS2_PLACEMENT_3D('',#654,#655,#656);
#654 = CARTESIAN_POINT('',(0.,0.,-232.5254));
#655 = DIRECTION('',(0.,0.,1.));
#656 = DIRECTION('',(1.,0.,0.));
#657 = ADVANCED_FACE('',(#658,#669),#672,.F.);
#658 = FACE_BOUND('',#659,.F.);
#659 = EDGE_LOOP('',(#660));
#660 = ORIENTED_EDGE('',*,*,#661,.T.);
#661 = EDGE_CURVE('',#662,#662,#664,.T.);
#662 = VERTEX_POINT('',#663);
#663 = CARTESIAN_POINT('',(16.51,-4.043783730785E-15,-229.9854));
#664 = CIRCLE('',#665,16.51);
#665 = AXIS2_PLACEMENT_3D('',#666,#667,#668);
#666 = CARTESIAN_POINT('',(0.,0.,-229.9854));
#667 = DIRECTION('',(0.,0.,1.));
#668 = DIRECTION('',(1.,0.,0.));
#669 = FACE_BOUND('',#670,.F.);
#670 = EDGE_LOOP('',(#671));
#671 = ORIENTED_EDGE('',*,*,#636,.F.);
#672 = PLANE('',#673);
#673 = AXIS2_PLACEMENT_3D('',#674,#675,#676);
#674 = CARTESIAN_POINT('',(0.,0.,-229.9854));
#675 = DIRECTION('',(0.,0.,1.));
#676 = DIRECTION('',(1.,0.,0.));
#677 = ADVANCED_FACE('',(#678),#697,.T.);
#678 = FACE_BOUND('',#679,.T.);
#679 = EDGE_LOOP('',(#680,#689,#695,#696));
#680 = ORIENTED_EDGE('',*,*,#681,.F.);
#681 = EDGE_CURVE('',#682,#682,#684,.T.);
#682 = VERTEX_POINT('',#683);
#683 = CARTESIAN_POINT('',(16.51,-4.043783730785E-15,-221.7304));
#684 = CIRCLE('',#685,16.51);
#685 = AXIS2_PLACEMENT_3D('',#686,#687,#688);
#686 = CARTESIAN_POINT('',(0.,0.,-221.7304));
#687 = DIRECTION('',(0.,0.,1.));
#688 = DIRECTION('',(1.,0.,0.));
#689 = ORIENTED_EDGE('',*,*,#690,.F.);
#690 = EDGE_CURVE('',#662,#682,#691,.T.);
#691 = LINE('',#692,#693);
#692 = CARTESIAN_POINT('',(16.51,-4.043783730785E-15,-229.9854));
#693 = VECTOR('',#694,1.);
#694 = DIRECTION('',(0.,0.,1.));
#695 = ORIENTED_EDGE('',*,*,#661,.T.);
#696 = ORIENTED_EDGE('',*,*,#690,.T.);
#697 = CYLINDRICAL_SURFACE('',#698,16.51);
#698 = AXIS2_PLACEMENT_3D('',#699,#700,#701);
#699 = CARTESIAN_POINT('',(0.,0.,-229.9854));
#700 = DIRECTION('',(0.,0.,1.));
#701 = DIRECTION('',(1.,0.,0.));
#702 = ADVANCED_FACE('',(#703,#706),#717,.T.);
#703 = FACE_BOUND('',#704,.T.);
#704 = EDGE_LOOP('',(#705));
#705 = ORIENTED_EDGE('',*,*,#681,.T.);
#706 = FACE_BOUND('',#707,.T.);
#707 = EDGE_LOOP('',(#708));
#708 = ORIENTED_EDGE('',*,*,#709,.F.);
#709 = EDGE_CURVE('',#710,#710,#712,.T.);
#710 = VERTEX_POINT('',#711);
#711 = CARTESIAN_POINT('',(3.81,-9.331808609503E-16,-221.7304));
#712 = CIRCLE('',#713,3.81);
#713 = AXIS2_PLACEMENT_3D('',#714,#715,#716);
#714 = CARTESIAN_POINT('',(0.,0.,-221.7304));
#715 = DIRECTION('',(0.,0.,1.));
#716 = DIRECTION('',(1.,0.,0.));
#717 = PLANE('',#718);
#718 = AXIS2_PLACEMENT_3D('',#719,#720,#721);
#719 = CARTESIAN_POINT('',(0.,0.,-221.7304));
#720 = DIRECTION('',(0.,0.,1.));
#721 = DIRECTION('',(1.,0.,0.));
#722 = ADVANCED_FACE('',(#723),#742,.T.);
#723 = FACE_BOUND('',#724,.T.);
#724 = EDGE_LOOP('',(#725,#734,#740,#741));
#725 = ORIENTED_EDGE('',*,*,#726,.F.);
#726 = EDGE_CURVE('',#727,#727,#729,.T.);
#727 = VERTEX_POINT('',#728);
#728 = CARTESIAN_POINT('',(16.51,-4.043783730785E-15,-211.9514));
#729 = CIRCLE('',#730,16.51);
#730 = AXIS2_PLACEMENT_3D('',#731,#732,#733);
#731 = CARTESIAN_POINT('',(0.,0.,-211.9514));
#732 = DIRECTION('',(0.,0.,1.));
#733 = DIRECTION('',(1.,0.,0.));
#734 = ORIENTED_EDGE('',*,*,#735,.F.);
#735 = EDGE_CURVE('',#710,#727,#736,.T.);
#736 = LINE('',#737,#738);
#737 = CARTESIAN_POINT('',(3.81,-9.331808609503E-16,-221.7304));
#738 = VECTOR('',#739,1.);
#739 = DIRECTION('',(0.792329350387,-1.940647205646E-16,0.610093599798)
  );
#740 = ORIENTED_EDGE('',*,*,#709,.T.);
#741 = ORIENTED_EDGE('',*,*,#735,.T.);
#742 = CONICAL_SURFACE('',#743,3.81,0.914617608804);
#743 = AXIS2_PLACEMENT_3D('',#744,#745,#746);
#744 = CARTESIAN_POINT('',(0.,0.,-221.7304));
#745 = DIRECTION('',(0.,0.,1.));
#746 = DIRECTION('',(1.,0.,0.));
#747 = ADVANCED_FACE('',(#748,#759),#762,.F.);
#748 = FACE_BOUND('',#749,.F.);
#749 = EDGE_LOOP('',(#750));
#750 = ORIENTED_EDGE('',*,*,#751,.T.);
#751 = EDGE_CURVE('',#752,#752,#754,.T.);
#752 = VERTEX_POINT('',#753);
#753 = CARTESIAN_POINT('',(19.1135,-4.681457319101E-15,-211.9514));
#754 = CIRCLE('',#755,19.1135);
#755 = AXIS2_PLACEMENT_3D('',#756,#757,#758);
#756 = CARTESIAN_POINT('',(0.,0.,-211.9514));
#757 = DIRECTION('',(0.,0.,1.));
#758 = DIRECTION('',(1.,0.,0.));
#759 = FACE_BOUND('',#760,.F.);
#760 = EDGE_LOOP('',(#761));
#761 = ORIENTED_EDGE('',*,*,#726,.F.);
#762 = PLANE('',#763);
#763 = AXIS2_PLACEMENT_3D('',#764,#765,#766);
#764 = CARTESIAN_POINT('',(0.,0.,-211.9514));
#765 = DIRECTION('',(0.,0.,1.));
#766 = DIRECTION('',(1.,0.,0.));
#767 = ADVANCED_FACE('',(#768),#787,.T.);
#768 = FACE_BOUND('',#769,.T.);
#769 = EDGE_LOOP('',(#770,#779,#785,#786));
#770 = ORIENTED_EDGE('',*,*,#771,.F.);
#771 = EDGE_CURVE('',#772,#772,#774,.T.);
#772 = VERTEX_POINT('',#773);
#773 = CARTESIAN_POINT('',(19.1135,-4.681457319101E-15,-192.2664));
#774 = CIRCLE('',#775,19.1135);
#775 = AXIS2_PLACEMENT_3D('',#776,#777,#778);
#776 = CARTESIAN_POINT('',(0.,0.,-192.2664));
#777 = DIRECTION('',(0.,0.,1.));
#778 = DIRECTION('',(1.,0.,0.));
#779 = ORIENTED_EDGE('',*,*,#780,.F.);
#780 = EDGE_CURVE('',#752,#772,#781,.T.);
#781 = LINE('',#782,#783);
#782 = CARTESIAN_POINT('',(19.1135,-4.681457319101E-15,-211.9514));
#783 = VECTOR('',#784,1.);
#784 = DIRECTION('',(0.,0.,1.));
#785 = ORIENTED_EDGE('',*,*,#751,.T.);
#786 = ORIENTED_EDGE('',*,*,#780,.T.);
#787 = CYLINDRICAL_SURFACE('',#788,19.1135);
#788 = AXIS2_PLACEMENT_3D('',#789,#790,#791);
#789 = CARTESIAN_POINT('',(0.,0.,-211.9514));
#790 = DIRECTION('',(0.,0.,1.));
#791 = DIRECTION('',(1.,0.,0.));
#792 = ADVANCED_FACE('',(#793,#796),#807,.T.);
#793 = FACE_BOUND('',#794,.T.);
#794 = EDGE_LOOP('',(#795));
#795 = ORIENTED_EDGE('',*,*,#771,.T.);
#796 = FACE_BOUND('',#797,.T.);
#797 = EDGE_LOOP('',(#798));
#798 = ORIENTED_EDGE('',*,*,#799,.F.);
#799 = EDGE_CURVE('',#800,#800,#802,.T.);
#800 = VERTEX_POINT('',#801);
#801 = CARTESIAN_POINT('',(16.51,-4.043783730785E-15,-192.2664));
#802 = CIRCLE('',#803,16.51);
#803 = AXIS2_PLACEMENT_3D('',#804,#805,#806);
#804 = CARTESIAN_POINT('',(0.,0.,-192.2664));
#805 = DIRECTION('',(0.,0.,1.));
#806 = DIRECTION('',(1.,0.,0.));
#807 = PLANE('',#808);
#808 = AXIS2_PLACEMENT_3D('',#809,#810,#811);
#809 = CARTESIAN_POINT('',(0.,0.,-192.2664));
#810 = DIRECTION('',(0.,0.,1.));
#811 = DIRECTION('',(1.,0.,0.));
#812 = ADVANCED_FACE('',(#813),#832,.T.);
#813 = FACE_BOUND('',#814,.T.);
#814 = EDGE_LOOP('',(#815,#824,#830,#831));
#815 = ORIENTED_EDGE('',*,*,#816,.F.);
#816 = EDGE_CURVE('',#817,#817,#819,.T.);
#817 = VERTEX_POINT('',#818);
#818 = CARTESIAN_POINT('',(12.319,-3.017284783739E-15,-180.0744));
#819 = CIRCLE('',#820,12.319);
#820 = AXIS2_PLACEMENT_3D('',#821,#822,#823);
#821 = CARTESIAN_POINT('',(0.,0.,-180.0744));
#822 = DIRECTION('',(0.,0.,1.));
#823 = DIRECTION('',(1.,0.,0.));
#824 = ORIENTED_EDGE('',*,*,#825,.F.);
#825 = EDGE_CURVE('',#800,#817,#826,.T.);
#826 = LINE('',#827,#828);
#827 = CARTESIAN_POINT('',(16.51,-4.043783730785E-15,-192.2664));
#828 = VECTOR('',#829,1.);
#829 = DIRECTION('',(-0.325079768511,7.962157959491E-17,0.945686599305)
  );
#830 = ORIENTED_EDGE('',*,*,#799,.T.);
#831 = ORIENTED_EDGE('',*,*,#825,.T.);
#832 = CONICAL_SURFACE('',#833,16.51,0.331096076704);
#833 = AXIS2_PLACEMENT_3D('',#834,#835,#836);
#834 = CARTESIAN_POINT('',(0.,0.,-192.2664));
#835 = DIRECTION('',(-0.,-0.,-1.));
#836 = DIRECTION('',(1.,0.,0.));
#837 = ADVANCED_FACE('',(#838),#857,.T.);
#838 = FACE_BOUND('',#839,.T.);
#839 = EDGE_LOOP('',(#840,#849,#855,#856));
#840 = ORIENTED_EDGE('',*,*,#841,.F.);
#841 = EDGE_CURVE('',#842,#842,#844,.T.);
#842 = VERTEX_POINT('',#843);
#843 = CARTESIAN_POINT('',(12.319,-3.017284783739E-15,-169.7874));
#844 = CIRCLE('',#845,12.319);
#845 = AXIS2_PLACEMENT_3D('',#846,#847,#848);
#846 = CARTESIAN_POINT('',(0.,0.,-169.7874));
#847 = DIRECTION('',(0.,0.,1.));
#848 = DIRECTION('',(1.,0.,0.));
#849 = ORIENTED_EDGE('',*,*,#850,.F.);
#850 = EDGE_CURVE('',#817,#842,#851,.T.);
#851 = LINE('',#852,#853);
#852 = CARTESIAN_POINT('',(12.319,-3.017284783739E-15,-180.0744));
#853 = VECTOR('',#854,1.);
#854 = DIRECTION('',(0.,0.,1.));
#855 = ORIENTED_EDGE('',*,*,#816,.T.);
#856 = ORIENTED_EDGE('',*,*,#850,.T.);
#857 = CYLINDRICAL_SURFACE('',#858,12.319);
#858 = AXIS2_PLACEMENT_3D('',#859,#860,#861);
#859 = CARTESIAN_POINT('',(0.,0.,-180.0744));
#860 = DIRECTION('',(0.,0.,1.));
#861 = DIRECTION('',(1.,0.,0.));
#862 = ADVANCED_FACE('',(#863),#882,.T.);
#863 = FACE_BOUND('',#864,.T.);
#864 = EDGE_LOOP('',(#865,#874,#880,#881));
#865 = ORIENTED_EDGE('',*,*,#866,.F.);
#866 = EDGE_CURVE('',#867,#867,#869,.T.);
#867 = VERTEX_POINT('',#868);
#868 = CARTESIAN_POINT('',(12.319,-3.017284783739E-15,-166.4854));
#869 = CIRCLE('',#870,12.319);
#870 = AXIS2_PLACEMENT_3D('',#871,#872,#873);
#871 = CARTESIAN_POINT('',(0.,0.,-166.4854));
#872 = DIRECTION('',(0.,0.,1.));
#873 = DIRECTION('',(1.,0.,0.));
#874 = ORIENTED_EDGE('',*,*,#875,.F.);
#875 = EDGE_CURVE('',#842,#867,#876,.T.);
#876 = LINE('',#877,#878);
#877 = CARTESIAN_POINT('',(12.319,-3.017284783739E-15,-169.7874));
#878 = VECTOR('',#879,1.);
#879 = DIRECTION('',(0.,0.,1.));
#880 = ORIENTED_EDGE('',*,*,#841,.T.);
#881 = ORIENTED_EDGE('',*,*,#875,.T.);
#882 = CYLINDRICAL_SURFACE('',#883,12.319);
#883 = AXIS2_PLACEMENT_3D('',#884,#885,#886);
#884 = CARTESIAN_POINT('',(0.,0.,-169.7874));
#885 = DIRECTION('',(0.,0.,1.));
#886 = DIRECTION('',(1.,0.,0.));
#887 = ADVANCED_FACE('',(#888,#891),#902,.T.);
#888 = FACE_BOUND('',#889,.T.);
#889 = EDGE_LOOP('',(#890));
#890 = ORIENTED_EDGE('',*,*,#866,.T.);
#891 = FACE_BOUND('',#892,.T.);
#892 = EDGE_LOOP('',(#893));
#893 = ORIENTED_EDGE('',*,*,#894,.F.);
#894 = EDGE_CURVE('',#895,#895,#897,.T.);
#895 = VERTEX_POINT('',#896);
#896 = CARTESIAN_POINT('',(3.175,-7.776507174586E-16,-166.4854));
#897 = CIRCLE('',#898,3.175);
#898 = AXIS2_PLACEMENT_3D('',#899,#900,#901);
#899 = CARTESIAN_POINT('',(0.,0.,-166.4854));
#900 = DIRECTION('',(0.,0.,1.));
#901 = DIRECTION('',(1.,0.,0.));
#902 = PLANE('',#903);
#903 = AXIS2_PLACEMENT_3D('',#904,#905,#906);
#904 = CARTESIAN_POINT('',(0.,0.,-166.4854));
#905 = DIRECTION('',(0.,0.,1.));
#906 = DIRECTION('',(1.,0.,0.));
#907 = ADVANCED_FACE('',(#908),#927,.T.);
#908 = FACE_BOUND('',#909,.T.);
#909 = EDGE_LOOP('',(#910,#919,#925,#926));
#910 = ORIENTED_EDGE('',*,*,#911,.F.);
#911 = EDGE_CURVE('',#912,#912,#914,.T.);
#912 = VERTEX_POINT('',#913);
#913 = CARTESIAN_POINT('',(3.175,-7.776507174586E-16,-145.0224));
#914 = CIRCLE('',#915,3.175);
#915 = AXIS2_PLACEMENT_3D('',#916,#917,#918);
#916 = CARTESIAN_POINT('',(0.,0.,-145.0224));
#917 = DIRECTION('',(0.,0.,1.));
#918 = DIRECTION('',(1.,0.,0.));
#919 = ORIENTED_EDGE('',*,*,#920,.F.);
#920 = EDGE_CURVE('',#895,#912,#921,.T.);
#921 = LINE('',#922,#923);
#922 = CARTESIAN_POINT('',(3.175,-7.776507174586E-16,-166.4854));
#923 = VECTOR('',#924,1.);
#924 = DIRECTION('',(0.,0.,1.));
#925 = ORIENTED_EDGE('',*,*,#894,.T.);
#926 = ORIENTED_EDGE('',*,*,#920,.T.);
#927 = CYLINDRICAL_SURFACE('',#928,3.175);
#928 = AXIS2_PLACEMENT_3D('',#929,#930,#931);
#929 = CARTESIAN_POINT('',(0.,0.,-166.4854));
#930 = DIRECTION('',(0.,0.,1.));
#931 = DIRECTION('',(1.,0.,0.));
#932 = ADVANCED_FACE('',(#933),#936,.T.);
#933 = FACE_BOUND('',#934,.T.);
#934 = EDGE_LOOP('',(#935));
#935 = ORIENTED_EDGE('',*,*,#911,.T.);
#936 = PLANE('',#937);
#937 = AXIS2_PLACEMENT_3D('',#938,#939,#940);
#938 = CARTESIAN_POINT('',(0.,0.,-145.0224));
#939 = DIRECTION('',(0.,0.,1.));
#940 = DIRECTION('',(1.,0.,0.));
#941 = MANIFOLD_SOLID_BREP('',#942);
#942 = CLOSED_SHELL('',(#943,#977,#1002,#1027,#1047,#1067));
#943 = ADVANCED_FACE('',(#944),#972,.T.);
#944 = FACE_BOUND('',#945,.T.);
#945 = EDGE_LOOP('',(#946,#955,#964,#971));
#946 = ORIENTED_EDGE('',*,*,#947,.T.);
#947 = EDGE_CURVE('',#948,#948,#950,.T.);
#948 = VERTEX_POINT('',#949);
#949 = CARTESIAN_POINT('',(5.1435,-1.259794162283E-15,-307.9521157643));
#950 = CIRCLE('',#951,5.1435);
#951 = AXIS2_PLACEMENT_3D('',#952,#953,#954);
#952 = CARTESIAN_POINT('',(0.,0.,-307.9521157643));
#953 = DIRECTION('',(-0.,0.,1.));
#954 = DIRECTION('',(0.,-1.,0.));
#955 = ORIENTED_EDGE('',*,*,#956,.T.);
#956 = EDGE_CURVE('',#948,#957,#959,.T.);
#957 = VERTEX_POINT('',#958);
#958 = CARTESIAN_POINT('',(5.588,-1.368665262727E-15,-298.6409909487));
#959 = CIRCLE('',#960,7.112);
#960 = AXIS2_PLACEMENT_3D('',#961,#962,#963);
#961 = CARTESIAN_POINT('',(0.,0.,-303.0404));
#962 = DIRECTION('',(-2.449293598295E-16,-1.,0.));
#963 = DIRECTION('',(1.,-2.449293598295E-16,0.));
#964 = ORIENTED_EDGE('',*,*,#965,.F.);
#965 = EDGE_CURVE('',#957,#957,#966,.T.);
#966 = CIRCLE('',#967,5.588);
#967 = AXIS2_PLACEMENT_3D('',#968,#969,#970);
#968 = CARTESIAN_POINT('',(0.,0.,-298.6409909487));
#969 = DIRECTION('',(-0.,0.,1.));
#970 = DIRECTION('',(0.,-1.,0.));
#971 = ORIENTED_EDGE('',*,*,#956,.F.);
#972 = SPHERICAL_SURFACE('',#973,7.112);
#973 = AXIS2_PLACEMENT_3D('',#974,#975,#976);
#974 = CARTESIAN_POINT('',(0.,0.,-303.0404));
#975 = DIRECTION('',(0.,0.,1.));
#976 = DIRECTION('',(1.,0.,0.));
#977 = ADVANCED_FACE('',(#978),#997,.T.);
#978 = FACE_BOUND('',#979,.T.);
#979 = EDGE_LOOP('',(#980,#981,#989,#996));
#980 = ORIENTED_EDGE('',*,*,#947,.F.);
#981 = ORIENTED_EDGE('',*,*,#982,.F.);
#982 = EDGE_CURVE('',#983,#948,#985,.T.);
#983 = VERTEX_POINT('',#984);
#984 = CARTESIAN_POINT('',(5.1435,-1.259794162283E-15,-311.9304));
#985 = LINE('',#986,#987);
#986 = CARTESIAN_POINT('',(5.1435,-1.259794162283E-15,-311.9304));
#987 = VECTOR('',#988,1.);
#988 = DIRECTION('',(0.,0.,1.));
#989 = ORIENTED_EDGE('',*,*,#990,.T.);
#990 = EDGE_CURVE('',#983,#983,#991,.T.);
#991 = CIRCLE('',#992,5.1435);
#992 = AXIS2_PLACEMENT_3D('',#993,#994,#995);
#993 = CARTESIAN_POINT('',(0.,0.,-311.9304));
#994 = DIRECTION('',(0.,0.,1.));
#995 = DIRECTION('',(1.,0.,0.));
#996 = ORIENTED_EDGE('',*,*,#982,.T.);
#997 = CYLINDRICAL_SURFACE('',#998,5.1435);
#998 = AXIS2_PLACEMENT_3D('',#999,#1000,#1001);
#999 = CARTESIAN_POINT('',(0.,0.,-311.9304));
#1000 = DIRECTION('',(0.,0.,1.));
#1001 = DIRECTION('',(1.,0.,0.));
#1002 = ADVANCED_FACE('',(#1003),#1022,.T.);
#1003 = FACE_BOUND('',#1004,.T.);
#1004 = EDGE_LOOP('',(#1005,#1013,#1020,#1021));
#1005 = ORIENTED_EDGE('',*,*,#1006,.T.);
#1006 = EDGE_CURVE('',#957,#1007,#1009,.T.);
#1007 = VERTEX_POINT('',#1008);
#1008 = CARTESIAN_POINT('',(5.588,-1.368665262727E-15,-294.1504));
#1009 = LINE('',#1010,#1011);
#1010 = CARTESIAN_POINT('',(5.588,-1.368665262727E-15,-303.0404));
#1011 = VECTOR('',#1012,1.);
#1012 = DIRECTION('',(0.,0.,1.));
#1013 = ORIENTED_EDGE('',*,*,#1014,.F.);
#1014 = EDGE_CURVE('',#1007,#1007,#1015,.T.);
#1015 = CIRCLE('',#1016,5.588);
#1016 = AXIS2_PLACEMENT_3D('',#1017,#1018,#1019);
#1017 = CARTESIAN_POINT('',(0.,0.,-294.1504));
#1018 = DIRECTION('',(0.,0.,1.));
#1019 = DIRECTION('',(1.,0.,0.));
#1020 = ORIENTED_EDGE('',*,*,#1006,.F.);
#1021 = ORIENTED_EDGE('',*,*,#965,.T.);
#1022 = CYLINDRICAL_SURFACE('',#1023,5.588);
#1023 = AXIS2_PLACEMENT_3D('',#1024,#1025,#1026);
#1024 = CARTESIAN_POINT('',(0.,0.,-303.0404));
#1025 = DIRECTION('',(0.,0.,1.));
#1026 = DIRECTION('',(1.,0.,0.));
#1027 = ADVANCED_FACE('',(#1028,#1031),#1042,.F.);
#1028 = FACE_BOUND('',#1029,.F.);
#1029 = EDGE_LOOP('',(#1030));
#1030 = ORIENTED_EDGE('',*,*,#990,.T.);
#1031 = FACE_BOUND('',#1032,.F.);
#1032 = EDGE_LOOP('',(#1033));
#1033 = ORIENTED_EDGE('',*,*,#1034,.F.);
#1034 = EDGE_CURVE('',#1035,#1035,#1037,.T.);
#1035 = VERTEX_POINT('',#1036);
#1036 = CARTESIAN_POINT('',(3.556,-8.709688035536E-16,-311.9304));
#1037 = CIRCLE('',#1038,3.556);
#1038 = AXIS2_PLACEMENT_3D('',#1039,#1040,#1041);
#1039 = CARTESIAN_POINT('',(0.,0.,-311.9304));
#1040 = DIRECTION('',(0.,0.,1.));
#1041 = DIRECTION('',(1.,0.,0.));
#1042 = PLANE('',#1043);
#1043 = AXIS2_PLACEMENT_3D('',#1044,#1045,#1046);
#1044 = CARTESIAN_POINT('',(0.,0.,-311.9304));
#1045 = DIRECTION('',(0.,0.,1.));
#1046 = DIRECTION('',(1.,0.,0.));
#1047 = ADVANCED_FACE('',(#1048,#1051),#1062,.T.);
#1048 = FACE_BOUND('',#1049,.T.);
#1049 = EDGE_LOOP('',(#1050));
#1050 = ORIENTED_EDGE('',*,*,#1014,.T.);
#1051 = FACE_BOUND('',#1052,.T.);
#1052 = EDGE_LOOP('',(#1053));
#1053 = ORIENTED_EDGE('',*,*,#1054,.F.);
#1054 = EDGE_CURVE('',#1055,#1055,#1057,.T.);
#1055 = VERTEX_POINT('',#1056);
#1056 = CARTESIAN_POINT('',(3.556,-8.709688035536E-16,-294.1504));
#1057 = CIRCLE('',#1058,3.556);
#1058 = AXIS2_PLACEMENT_3D('',#1059,#1060,#1061);
#1059 = CARTESIAN_POINT('',(0.,0.,-294.1504));
#1060 = DIRECTION('',(0.,0.,1.));
#1061 = DIRECTION('',(1.,0.,0.));
#1062 = PLANE('',#1063);
#1063 = AXIS2_PLACEMENT_3D('',#1064,#1065,#1066);
#1064 = CARTESIAN_POINT('',(0.,0.,-294.1504));
#1065 = DIRECTION('',(0.,0.,1.));
#1066 = DIRECTION('',(1.,0.,0.));
#1067 = ADVANCED_FACE('',(#1068),#1079,.F.);
#1068 = FACE_BOUND('',#1069,.F.);
#1069 = EDGE_LOOP('',(#1070,#1071,#1077,#1078));
#1070 = ORIENTED_EDGE('',*,*,#1054,.F.);
#1071 = ORIENTED_EDGE('',*,*,#1072,.F.);
#1072 = EDGE_CURVE('',#1035,#1055,#1073,.T.);
#1073 = LINE('',#1074,#1075);
#1074 = CARTESIAN_POINT('',(3.556,-8.709688035536E-16,-313.7084));
#1075 = VECTOR('',#1076,1.);
#1076 = DIRECTION('',(0.,0.,1.));
#1077 = ORIENTED_EDGE('',*,*,#1034,.T.);
#1078 = ORIENTED_EDGE('',*,*,#1072,.T.);
#1079 = CYLINDRICAL_SURFACE('',#1080,3.556);
#1080 = AXIS2_PLACEMENT_3D('',#1081,#1082,#1083);
#1081 = CARTESIAN_POINT('',(0.,0.,-313.7084));
#1082 = DIRECTION('',(0.,0.,1.));
#1083 = DIRECTION('',(1.,0.,0.));
#1084 = MANIFOLD_SOLID_BREP('',#1085);
#1085 = CLOSED_SHELL('',(#1086,#1119,#1144,#1164,#1184,#1209,#1234));
#1086 = ADVANCED_FACE('',(#1087),#1114,.T.);
#1087 = FACE_BOUND('',#1088,.T.);
#1088 = EDGE_LOOP('',(#1089,#1098,#1106,#1113));
#1089 = ORIENTED_EDGE('',*,*,#1090,.F.);
#1090 = EDGE_CURVE('',#1091,#1091,#1093,.T.);
#1091 = VERTEX_POINT('',#1092);
#1092 = CARTESIAN_POINT('',(38.1,-9.331808609503E-15,-351.3304));
#1093 = CIRCLE('',#1094,38.1);
#1094 = AXIS2_PLACEMENT_3D('',#1095,#1096,#1097);
#1095 = CARTESIAN_POINT('',(0.,0.,-351.3304));
#1096 = DIRECTION('',(0.,0.,1.));
#1097 = DIRECTION('',(1.,0.,0.));
#1098 = ORIENTED_EDGE('',*,*,#1099,.F.);
#1099 = EDGE_CURVE('',#1100,#1091,#1102,.T.);
#1100 = VERTEX_POINT('',#1101);
#1101 = CARTESIAN_POINT('',(10.16,-2.488482295867E-15,-369.1104));
#1102 = LINE('',#1103,#1104);
#1103 = CARTESIAN_POINT('',(10.16,-2.488482295867E-15,-369.1104));
#1104 = VECTOR('',#1105,1.);
#1105 = DIRECTION('',(0.843661487732,-2.06637468103E-16,0.536875492193)
  );
#1106 = ORIENTED_EDGE('',*,*,#1107,.T.);
#1107 = EDGE_CURVE('',#1100,#1100,#1108,.T.);
#1108 = CIRCLE('',#1109,10.16);
#1109 = AXIS2_PLACEMENT_3D('',#1110,#1111,#1112);
#1110 = CARTESIAN_POINT('',(0.,0.,-369.1104));
#1111 = DIRECTION('',(0.,0.,1.));
#1112 = DIRECTION('',(1.,0.,0.));
#1113 = ORIENTED_EDGE('',*,*,#1099,.T.);
#1114 = CONICAL_SURFACE('',#1115,10.16,1.004067109271);
#1115 = AXIS2_PLACEMENT_3D('',#1116,#1117,#1118);
#1116 = CARTESIAN_POINT('',(0.,0.,-369.1104));
#1117 = DIRECTION('',(0.,0.,1.));
#1118 = DIRECTION('',(1.,0.,0.));
#1119 = ADVANCED_FACE('',(#1120),#1139,.T.);
#1120 = FACE_BOUND('',#1121,.T.);
#1121 = EDGE_LOOP('',(#1122,#1131,#1137,#1138));
#1122 = ORIENTED_EDGE('',*,*,#1123,.F.);
#1123 = EDGE_CURVE('',#1124,#1124,#1126,.T.);
#1124 = VERTEX_POINT('',#1125);
#1125 = CARTESIAN_POINT('',(38.1,-9.331808609503E-15,-325.9304));
#1126 = CIRCLE('',#1127,38.1);
#1127 = AXIS2_PLACEMENT_3D('',#1128,#1129,#1130);
#1128 = CARTESIAN_POINT('',(0.,0.,-325.9304));
#1129 = DIRECTION('',(0.,0.,1.));
#1130 = DIRECTION('',(1.,0.,0.));
#1131 = ORIENTED_EDGE('',*,*,#1132,.F.);
#1132 = EDGE_CURVE('',#1091,#1124,#1133,.T.);
#1133 = LINE('',#1134,#1135);
#1134 = CARTESIAN_POINT('',(38.1,-9.331808609503E-15,-351.3304));
#1135 = VECTOR('',#1136,1.);
#1136 = DIRECTION('',(0.,0.,1.));
#1137 = ORIENTED_EDGE('',*,*,#1090,.T.);
#1138 = ORIENTED_EDGE('',*,*,#1132,.T.);
#1139 = CYLINDRICAL_SURFACE('',#1140,38.1);
#1140 = AXIS2_PLACEMENT_3D('',#1141,#1142,#1143);
#1141 = CARTESIAN_POINT('',(0.,0.,-351.3304));
#1142 = DIRECTION('',(0.,0.,1.));
#1143 = DIRECTION('',(1.,0.,0.));
#1144 = ADVANCED_FACE('',(#1145,#1148),#1159,.F.);
#1145 = FACE_BOUND('',#1146,.F.);
#1146 = EDGE_LOOP('',(#1147));
#1147 = ORIENTED_EDGE('',*,*,#1107,.T.);
#1148 = FACE_BOUND('',#1149,.F.);
#1149 = EDGE_LOOP('',(#1150));
#1150 = ORIENTED_EDGE('',*,*,#1151,.F.);
#1151 = EDGE_CURVE('',#1152,#1152,#1154,.T.);
#1152 = VERTEX_POINT('',#1153);
#1153 = CARTESIAN_POINT('',(6.35,-1.555301434917E-15,-369.1104));
#1154 = CIRCLE('',#1155,6.35);
#1155 = AXIS2_PLACEMENT_3D('',#1156,#1157,#1158);
#1156 = CARTESIAN_POINT('',(0.,0.,-369.1104));
#1157 = DIRECTION('',(0.,0.,1.));
#1158 = DIRECTION('',(1.,0.,0.));
#1159 = PLANE('',#1160);
#1160 = AXIS2_PLACEMENT_3D('',#1161,#1162,#1163);
#1161 = CARTESIAN_POINT('',(0.,0.,-369.1104));
#1162 = DIRECTION('',(0.,0.,1.));
#1163 = DIRECTION('',(1.,0.,0.));
#1164 = ADVANCED_FACE('',(#1165,#1168),#1179,.T.);
#1165 = FACE_BOUND('',#1166,.T.);
#1166 = EDGE_LOOP('',(#1167));
#1167 = ORIENTED_EDGE('',*,*,#1123,.T.);
#1168 = FACE_BOUND('',#1169,.T.);
#1169 = EDGE_LOOP('',(#1170));
#1170 = ORIENTED_EDGE('',*,*,#1171,.F.);
#1171 = EDGE_CURVE('',#1172,#1172,#1174,.T.);
#1172 = VERTEX_POINT('',#1173);
#1173 = CARTESIAN_POINT('',(35.56,-8.709688035536E-15,-325.9304));
#1174 = CIRCLE('',#1175,35.56);
#1175 = AXIS2_PLACEMENT_3D('',#1176,#1177,#1178);
#1176 = CARTESIAN_POINT('',(0.,0.,-325.9304));
#1177 = DIRECTION('',(0.,0.,1.));
#1178 = DIRECTION('',(1.,0.,0.));
#1179 = PLANE('',#1180);
#1180 = AXIS2_PLACEMENT_3D('',#1181,#1182,#1183);
#1181 = CARTESIAN_POINT('',(0.,0.,-325.9304));
#1182 = DIRECTION('',(0.,0.,1.));
#1183 = DIRECTION('',(1.,0.,0.));
#1184 = ADVANCED_FACE('',(#1185),#1204,.F.);
#1185 = FACE_BOUND('',#1186,.F.);
#1186 = EDGE_LOOP('',(#1187,#1196,#1202,#1203));
#1187 = ORIENTED_EDGE('',*,*,#1188,.F.);
#1188 = EDGE_CURVE('',#1189,#1189,#1191,.T.);
#1189 = VERTEX_POINT('',#1190);
#1190 = CARTESIAN_POINT('',(6.35,-1.555301434917E-15,-351.3304));
#1191 = CIRCLE('',#1192,6.35);
#1192 = AXIS2_PLACEMENT_3D('',#1193,#1194,#1195);
#1193 = CARTESIAN_POINT('',(0.,0.,-351.3304));
#1194 = DIRECTION('',(0.,0.,1.));
#1195 = DIRECTION('',(1.,0.,0.));
#1196 = ORIENTED_EDGE('',*,*,#1197,.F.);
#1197 = EDGE_CURVE('',#1152,#1189,#1198,.T.);
#1198 = LINE('',#1199,#1200);
#1199 = CARTESIAN_POINT('',(6.35,-1.555301434917E-15,-369.1104));
#1200 = VECTOR('',#1201,1.);
#1201 = DIRECTION('',(0.,0.,1.));
#1202 = ORIENTED_EDGE('',*,*,#1151,.T.);
#1203 = ORIENTED_EDGE('',*,*,#1197,.T.);
#1204 = CYLINDRICAL_SURFACE('',#1205,6.35);
#1205 = AXIS2_PLACEMENT_3D('',#1206,#1207,#1208);
#1206 = CARTESIAN_POINT('',(0.,0.,-369.1104));
#1207 = DIRECTION('',(0.,0.,1.));
#1208 = DIRECTION('',(1.,0.,0.));
#1209 = ADVANCED_FACE('',(#1210),#1229,.F.);
#1210 = FACE_BOUND('',#1211,.F.);
#1211 = EDGE_LOOP('',(#1212,#1213,#1221,#1228));
#1212 = ORIENTED_EDGE('',*,*,#1171,.F.);
#1213 = ORIENTED_EDGE('',*,*,#1214,.F.);
#1214 = EDGE_CURVE('',#1215,#1172,#1217,.T.);
#1215 = VERTEX_POINT('',#1216);
#1216 = CARTESIAN_POINT('',(35.56,-8.709688035536E-15,-351.3304));
#1217 = LINE('',#1218,#1219);
#1218 = CARTESIAN_POINT('',(35.56,-8.709688035536E-15,-351.3304));
#1219 = VECTOR('',#1220,1.);
#1220 = DIRECTION('',(0.,0.,1.));
#1221 = ORIENTED_EDGE('',*,*,#1222,.T.);
#1222 = EDGE_CURVE('',#1215,#1215,#1223,.T.);
#1223 = CIRCLE('',#1224,35.56);
#1224 = AXIS2_PLACEMENT_3D('',#1225,#1226,#1227);
#1225 = CARTESIAN_POINT('',(0.,0.,-351.3304));
#1226 = DIRECTION('',(0.,0.,1.));
#1227 = DIRECTION('',(1.,0.,0.));
#1228 = ORIENTED_EDGE('',*,*,#1214,.T.);
#1229 = CYLINDRICAL_SURFACE('',#1230,35.56);
#1230 = AXIS2_PLACEMENT_3D('',#1231,#1232,#1233);
#1231 = CARTESIAN_POINT('',(0.,0.,-351.3304));
#1232 = DIRECTION('',(0.,0.,1.));
#1233 = DIRECTION('',(1.,0.,0.));
#1234 = ADVANCED_FACE('',(#1235,#1238),#1241,.T.);
#1235 = FACE_BOUND('',#1236,.T.);
#1236 = EDGE_LOOP('',(#1237));
#1237 = ORIENTED_EDGE('',*,*,#1222,.T.);
#1238 = FACE_BOUND('',#1239,.T.);
#1239 = EDGE_LOOP('',(#1240));
#1240 = ORIENTED_EDGE('',*,*,#1188,.F.);
#1241 = PLANE('',#1242);
#1242 = AXIS2_PLACEMENT_3D('',#1243,#1244,#1245);
#1243 = CARTESIAN_POINT('',(0.,0.,-351.3304));
#1244 = DIRECTION('',(0.,0.,1.));
#1245 = DIRECTION('',(1.,0.,0.));
#1246 = MANIFOLD_SOLID_BREP('',#1247);
#1247 = CLOSED_SHELL('',(#1248,#1281,#1301,#1321,#1346,#1371));
#1248 = ADVANCED_FACE('',(#1249),#1276,.T.);
#1249 = FACE_BOUND('',#1250,.T.);
#1250 = EDGE_LOOP('',(#1251,#1260,#1268,#1275));
#1251 = ORIENTED_EDGE('',*,*,#1252,.F.);
#1252 = EDGE_CURVE('',#1253,#1253,#1255,.T.);
#1253 = VERTEX_POINT('',#1254);
#1254 = CARTESIAN_POINT('',(10.31875,-2.52736483174E-15,-384.47565));
#1255 = CIRCLE('',#1256,10.31875);
#1256 = AXIS2_PLACEMENT_3D('',#1257,#1258,#1259);
#1257 = CARTESIAN_POINT('',(0.,0.,-384.47565));
#1258 = DIRECTION('',(0.,0.,1.));
#1259 = DIRECTION('',(1.,0.,0.));
#1260 = ORIENTED_EDGE('',*,*,#1261,.F.);
#1261 = EDGE_CURVE('',#1262,#1253,#1264,.T.);
#1262 = VERTEX_POINT('',#1263);
#1263 = CARTESIAN_POINT('',(10.31875,-2.52736483174E-15,-385.8409));
#1264 = LINE('',#1265,#1266);
#1265 = CARTESIAN_POINT('',(10.31875,-2.52736483174E-15,-385.8409));
#1266 = VECTOR('',#1267,1.);
#1267 = DIRECTION('',(0.,0.,1.));
#1268 = ORIENTED_EDGE('',*,*,#1269,.T.);
#1269 = EDGE_CURVE('',#1262,#1262,#1270,.T.);
#1270 = CIRCLE('',#1271,10.31875);
#1271 = AXIS2_PLACEMENT_3D('',#1272,#1273,#1274);
#1272 = CARTESIAN_POINT('',(0.,0.,-385.8409));
#1273 = DIRECTION('',(0.,0.,1.));
#1274 = DIRECTION('',(1.,0.,0.));
#1275 = ORIENTED_EDGE('',*,*,#1261,.T.);
#1276 = CYLINDRICAL_SURFACE('',#1277,10.31875);
#1277 = AXIS2_PLACEMENT_3D('',#1278,#1279,#1280);
#1278 = CARTESIAN_POINT('',(0.,0.,-385.8409));
#1279 = DIRECTION('',(0.,0.,1.));
#1280 = DIRECTION('',(1.,0.,0.));
#1281 = ADVANCED_FACE('',(#1282,#1285),#1296,.T.);
#1282 = FACE_BOUND('',#1283,.T.);
#1283 = EDGE_LOOP('',(#1284));
#1284 = ORIENTED_EDGE('',*,*,#1252,.T.);
#1285 = FACE_BOUND('',#1286,.T.);
#1286 = EDGE_LOOP('',(#1287));
#1287 = ORIENTED_EDGE('',*,*,#1288,.F.);
#1288 = EDGE_CURVE('',#1289,#1289,#1291,.T.);
#1289 = VERTEX_POINT('',#1290);
#1290 = CARTESIAN_POINT('',(9.93775,-2.434046745645E-15,-384.47565));
#1291 = CIRCLE('',#1292,9.93775);
#1292 = AXIS2_PLACEMENT_3D('',#1293,#1294,#1295);
#1293 = CARTESIAN_POINT('',(0.,0.,-384.47565));
#1294 = DIRECTION('',(0.,0.,1.));
#1295 = DIRECTION('',(1.,0.,0.));
#1296 = PLANE('',#1297);
#1297 = AXIS2_PLACEMENT_3D('',#1298,#1299,#1300);
#1298 = CARTESIAN_POINT('',(0.,0.,-384.47565));
#1299 = DIRECTION('',(0.,0.,1.));
#1300 = DIRECTION('',(1.,0.,0.));
#1301 = ADVANCED_FACE('',(#1302,#1305),#1316,.F.);
#1302 = FACE_BOUND('',#1303,.F.);
#1303 = EDGE_LOOP('',(#1304));
#1304 = ORIENTED_EDGE('',*,*,#1269,.T.);
#1305 = FACE_BOUND('',#1306,.F.);
#1306 = EDGE_LOOP('',(#1307));
#1307 = ORIENTED_EDGE('',*,*,#1308,.F.);
#1308 = EDGE_CURVE('',#1309,#1309,#1311,.T.);
#1309 = VERTEX_POINT('',#1310);
#1310 = CARTESIAN_POINT('',(3.556,-8.709688035536E-16,-385.8409));
#1311 = CIRCLE('',#1312,3.556);
#1312 = AXIS2_PLACEMENT_3D('',#1313,#1314,#1315);
#1313 = CARTESIAN_POINT('',(0.,0.,-385.8409));
#1314 = DIRECTION('',(0.,0.,1.));
#1315 = DIRECTION('',(1.,0.,0.));
#1316 = PLANE('',#1317);
#1317 = AXIS2_PLACEMENT_3D('',#1318,#1319,#1320);
#1318 = CARTESIAN_POINT('',(0.,0.,-385.8409));
#1319 = DIRECTION('',(0.,0.,1.));
#1320 = DIRECTION('',(1.,0.,0.));
#1321 = ADVANCED_FACE('',(#1322),#1341,.T.);
#1322 = FACE_BOUND('',#1323,.T.);
#1323 = EDGE_LOOP('',(#1324,#1333,#1339,#1340));
#1324 = ORIENTED_EDGE('',*,*,#1325,.F.);
#1325 = EDGE_CURVE('',#1326,#1326,#1328,.T.);
#1326 = VERTEX_POINT('',#1327);
#1327 = CARTESIAN_POINT('',(9.93775,-2.434046745645E-15,-383.1104));
#1328 = CIRCLE('',#1329,9.93775);
#1329 = AXIS2_PLACEMENT_3D('',#1330,#1331,#1332);
#1330 = CARTESIAN_POINT('',(0.,0.,-383.1104));
#1331 = DIRECTION('',(0.,0.,1.));
#1332 = DIRECTION('',(1.,0.,0.));
#1333 = ORIENTED_EDGE('',*,*,#1334,.F.);
#1334 = EDGE_CURVE('',#1289,#1326,#1335,.T.);
#1335 = LINE('',#1336,#1337);
#1336 = CARTESIAN_POINT('',(9.93775,-2.434046745645E-15,-384.47565));
#1337 = VECTOR('',#1338,1.);
#1338 = DIRECTION('',(0.,0.,1.));
#1339 = ORIENTED_EDGE('',*,*,#1288,.T.);
#1340 = ORIENTED_EDGE('',*,*,#1334,.T.);
#1341 = CYLINDRICAL_SURFACE('',#1342,9.93775);
#1342 = AXIS2_PLACEMENT_3D('',#1343,#1344,#1345);
#1343 = CARTESIAN_POINT('',(0.,0.,-384.47565));
#1344 = DIRECTION('',(0.,0.,1.));
#1345 = DIRECTION('',(1.,0.,0.));
#1346 = ADVANCED_FACE('',(#1347),#1366,.F.);
#1347 = FACE_BOUND('',#1348,.F.);
#1348 = EDGE_LOOP('',(#1349,#1358,#1364,#1365));
#1349 = ORIENTED_EDGE('',*,*,#1350,.F.);
#1350 = EDGE_CURVE('',#1351,#1351,#1353,.T.);
#1351 = VERTEX_POINT('',#1352);
#1352 = CARTESIAN_POINT('',(3.556,-8.709688035536E-16,-383.1104));
#1353 = CIRCLE('',#1354,3.556);
#1354 = AXIS2_PLACEMENT_3D('',#1355,#1356,#1357);
#1355 = CARTESIAN_POINT('',(0.,0.,-383.1104));
#1356 = DIRECTION('',(0.,0.,1.));
#1357 = DIRECTION('',(1.,0.,0.));
#1358 = ORIENTED_EDGE('',*,*,#1359,.F.);
#1359 = EDGE_CURVE('',#1309,#1351,#1360,.T.);
#1360 = LINE('',#1361,#1362);
#1361 = CARTESIAN_POINT('',(3.556,-8.709688035536E-16,-385.8409));
#1362 = VECTOR('',#1363,1.);
#1363 = DIRECTION('',(0.,0.,1.));
#1364 = ORIENTED_EDGE('',*,*,#1308,.T.);
#1365 = ORIENTED_EDGE('',*,*,#1359,.T.);
#1366 = CYLINDRICAL_SURFACE('',#1367,3.556);
#1367 = AXIS2_PLACEMENT_3D('',#1368,#1369,#1370);
#1368 = CARTESIAN_POINT('',(0.,0.,-385.8409));
#1369 = DIRECTION('',(0.,0.,1.));
#1370 = DIRECTION('',(1.,0.,0.));
#1371 = ADVANCED_FACE('',(#1372,#1375),#1378,.T.);
#1372 = FACE_BOUND('',#1373,.T.);
#1373 = EDGE_LOOP('',(#1374));
#1374 = ORIENTED_EDGE('',*,*,#1325,.T.);
#1375 = FACE_BOUND('',#1376,.T.);
#1376 = EDGE_LOOP('',(#1377));
#1377 = ORIENTED_EDGE('',*,*,#1350,.F.);
#1378 = PLANE('',#1379);
#1379 = AXIS2_PLACEMENT_3D('',#1380,#1381,#1382);
#1380 = CARTESIAN_POINT('',(0.,0.,-383.1104));
#1381 = DIRECTION('',(0.,0.,1.));
#1382 = DIRECTION('',(1.,0.,0.));
#1383 = MANIFOLD_SOLID_BREP('',#1384);
#1384 = CLOSED_SHELL('',(#1385,#1418,#1504,#1590,#1607,#1624,#1641,#1658
    ,#1675,#1692));
#1385 = ADVANCED_FACE('',(#1386),#1413,.T.);
#1386 = FACE_BOUND('',#1387,.T.);
#1387 = EDGE_LOOP('',(#1388,#1397,#1405,#1412));
#1388 = ORIENTED_EDGE('',*,*,#1389,.F.);
#1389 = EDGE_CURVE('',#1390,#1390,#1392,.T.);
#1390 = VERTEX_POINT('',#1391);
#1391 = CARTESIAN_POINT('',(38.20795,-9.358248733896E-15,-399.8409));
#1392 = CIRCLE('',#1393,38.20795);
#1393 = AXIS2_PLACEMENT_3D('',#1394,#1395,#1396);
#1394 = CARTESIAN_POINT('',(0.,0.,-399.8409));
#1395 = DIRECTION('',(0.,0.,1.));
#1396 = DIRECTION('',(1.,0.,0.));
#1397 = ORIENTED_EDGE('',*,*,#1398,.F.);
#1398 = EDGE_CURVE('',#1399,#1390,#1401,.T.);
#1399 = VERTEX_POINT('',#1400);
#1400 = CARTESIAN_POINT('',(38.20795,-9.358248733896E-15,-401.2379));
#1401 = LINE('',#1402,#1403);
#1402 = CARTESIAN_POINT('',(38.20795,-9.358248733896E-15,-401.2379));
#1403 = VECTOR('',#1404,1.);
#1404 = DIRECTION('',(0.,0.,1.));
#1405 = ORIENTED_EDGE('',*,*,#1406,.T.);
#1406 = EDGE_CURVE('',#1399,#1399,#1407,.T.);
#1407 = CIRCLE('',#1408,38.20795);
#1408 = AXIS2_PLACEMENT_3D('',#1409,#1410,#1411);
#1409 = CARTESIAN_POINT('',(0.,0.,-401.2379));
#1410 = DIRECTION('',(0.,0.,1.));
#1411 = DIRECTION('',(1.,0.,0.));
#1412 = ORIENTED_EDGE('',*,*,#1398,.T.);
#1413 = CYLINDRICAL_SURFACE('',#1414,38.20795);
#1414 = AXIS2_PLACEMENT_3D('',#1415,#1416,#1417);
#1415 = CARTESIAN_POINT('',(0.,0.,-401.2379));
#1416 = DIRECTION('',(0.,0.,1.));
#1417 = DIRECTION('',(1.,0.,0.));
#1418 = ADVANCED_FACE('',(#1419,#1422,#1433,#1444,#1455,#1466,#1477,
    #1488),#1499,.T.);
#1419 = FACE_BOUND('',#1420,.T.);
#1420 = EDGE_LOOP('',(#1421));
#1421 = ORIENTED_EDGE('',*,*,#1389,.T.);
#1422 = FACE_BOUND('',#1423,.T.);
#1423 = EDGE_LOOP('',(#1424));
#1424 = ORIENTED_EDGE('',*,*,#1425,.F.);
#1425 = EDGE_CURVE('',#1426,#1426,#1428,.T.);
#1426 = VERTEX_POINT('',#1427);
#1427 = CARTESIAN_POINT('',(-10.668,-25.29660204454,-399.8409));
#1428 = CIRCLE('',#1429,3.937);
#1429 = AXIS2_PLACEMENT_3D('',#1430,#1431,#1432);
#1430 = CARTESIAN_POINT('',(-14.605,-25.29660204454,-399.8409));
#1431 = DIRECTION('',(0.,0.,1.));
#1432 = DIRECTION('',(1.,0.,0.));
#1433 = FACE_BOUND('',#1434,.T.);
#1434 = EDGE_LOOP('',(#1435));
#1435 = ORIENTED_EDGE('',*,*,#1436,.F.);
#1436 = EDGE_CURVE('',#1437,#1437,#1439,.T.);
#1437 = VERTEX_POINT('',#1438);
#1438 = CARTESIAN_POINT('',(18.542,-25.29660204454,-399.8409));
#1439 = CIRCLE('',#1440,3.937);
#1440 = AXIS2_PLACEMENT_3D('',#1441,#1442,#1443);
#1441 = CARTESIAN_POINT('',(14.605,-25.29660204454,-399.8409));
#1442 = DIRECTION('',(0.,0.,1.));
#1443 = DIRECTION('',(1.,0.,0.));
#1444 = FACE_BOUND('',#1445,.T.);
#1445 = EDGE_LOOP('',(#1446));
#1446 = ORIENTED_EDGE('',*,*,#1447,.F.);
#1447 = EDGE_CURVE('',#1448,#1448,#1450,.T.);
#1448 = VERTEX_POINT('',#1449);
#1449 = CARTESIAN_POINT('',(4.699,-1.150923061839E-15,-399.8409));
#1450 = CIRCLE('',#1451,4.699);
#1451 = AXIS2_PLACEMENT_3D('',#1452,#1453,#1454);
#1452 = CARTESIAN_POINT('',(0.,0.,-399.8409));
#1453 = DIRECTION('',(0.,0.,1.));
#1454 = DIRECTION('',(1.,0.,0.));
#1455 = FACE_BOUND('',#1456,.T.);
#1456 = EDGE_LOOP('',(#1457));
#1457 = ORIENTED_EDGE('',*,*,#1458,.F.);
#1458 = EDGE_CURVE('',#1459,#1459,#1461,.T.);
#1459 = VERTEX_POINT('',#1460);
#1460 = CARTESIAN_POINT('',(33.147,-9.642868896486E-16,-399.8409));
#1461 = CIRCLE('',#1462,3.937);
#1462 = AXIS2_PLACEMENT_3D('',#1463,#1464,#1465);
#1463 = CARTESIAN_POINT('',(29.21,0.,-399.8409));
#1464 = DIRECTION('',(0.,0.,1.));
#1465 = DIRECTION('',(1.,0.,0.));
#1466 = FACE_BOUND('',#1467,.T.);
#1467 = EDGE_LOOP('',(#1468));
#1468 = ORIENTED_EDGE('',*,*,#1469,.F.);
#1469 = EDGE_CURVE('',#1470,#1470,#1472,.T.);
#1470 = VERTEX_POINT('',#1471);
#1471 = CARTESIAN_POINT('',(-25.273,2.612906410661E-15,-399.8409));
#1472 = CIRCLE('',#1473,3.937);
#1473 = AXIS2_PLACEMENT_3D('',#1474,#1475,#1476);
#1474 = CARTESIAN_POINT('',(-29.21,3.577193300309E-15,-399.8409));
#1475 = DIRECTION('',(0.,0.,1.));
#1476 = DIRECTION('',(1.,0.,0.));
#1477 = FACE_BOUND('',#1478,.T.);
#1478 = EDGE_LOOP('',(#1479));
#1479 = ORIENTED_EDGE('',*,*,#1480,.F.);
#1480 = EDGE_CURVE('',#1481,#1481,#1483,.T.);
#1481 = VERTEX_POINT('',#1482);
#1482 = CARTESIAN_POINT('',(-10.668,25.296602044543,-399.8409));
#1483 = CIRCLE('',#1484,3.937);
#1484 = AXIS2_PLACEMENT_3D('',#1485,#1486,#1487);
#1485 = CARTESIAN_POINT('',(-14.605,25.296602044543,-399.8409));
#1486 = DIRECTION('',(0.,0.,1.));
#1487 = DIRECTION('',(1.,0.,0.));
#1488 = FACE_BOUND('',#1489,.T.);
#1489 = EDGE_LOOP('',(#1490));
#1490 = ORIENTED_EDGE('',*,*,#1491,.F.);
#1491 = EDGE_CURVE('',#1492,#1492,#1494,.T.);
#1492 = VERTEX_POINT('',#1493);
#1493 = CARTESIAN_POINT('',(18.542,25.296602044543,-399.8409));
#1494 = CIRCLE('',#1495,3.937);
#1495 = AXIS2_PLACEMENT_3D('',#1496,#1497,#1498);
#1496 = CARTESIAN_POINT('',(14.605,25.296602044543,-399.8409));
#1497 = DIRECTION('',(0.,0.,1.));
#1498 = DIRECTION('',(1.,0.,0.));
#1499 = PLANE('',#1500);
#1500 = AXIS2_PLACEMENT_3D('',#1501,#1502,#1503);
#1501 = CARTESIAN_POINT('',(0.,0.,-399.8409));
#1502 = DIRECTION('',(0.,0.,1.));
#1503 = DIRECTION('',(1.,0.,0.));
#1504 = ADVANCED_FACE('',(#1505,#1508,#1519,#1530,#1541,#1552,#1563,
    #1574),#1585,.F.);
#1505 = FACE_BOUND('',#1506,.F.);
#1506 = EDGE_LOOP('',(#1507));
#1507 = ORIENTED_EDGE('',*,*,#1406,.T.);
#1508 = FACE_BOUND('',#1509,.F.);
#1509 = EDGE_LOOP('',(#1510));
#1510 = ORIENTED_EDGE('',*,*,#1511,.F.);
#1511 = EDGE_CURVE('',#1512,#1512,#1514,.T.);
#1512 = VERTEX_POINT('',#1513);
#1513 = CARTESIAN_POINT('',(-10.668,-25.29660204454,-401.2379));
#1514 = CIRCLE('',#1515,3.937);
#1515 = AXIS2_PLACEMENT_3D('',#1516,#1517,#1518);
#1516 = CARTESIAN_POINT('',(-14.605,-25.29660204454,-401.2379));
#1517 = DIRECTION('',(0.,0.,1.));
#1518 = DIRECTION('',(1.,0.,0.));
#1519 = FACE_BOUND('',#1520,.F.);
#1520 = EDGE_LOOP('',(#1521));
#1521 = ORIENTED_EDGE('',*,*,#1522,.F.);
#1522 = EDGE_CURVE('',#1523,#1523,#1525,.T.);
#1523 = VERTEX_POINT('',#1524);
#1524 = CARTESIAN_POINT('',(18.542,-25.29660204454,-401.2379));
#1525 = CIRCLE('',#1526,3.937);
#1526 = AXIS2_PLACEMENT_3D('',#1527,#1528,#1529);
#1527 = CARTESIAN_POINT('',(14.605,-25.29660204454,-401.2379));
#1528 = DIRECTION('',(0.,0.,1.));
#1529 = DIRECTION('',(1.,0.,0.));
#1530 = FACE_BOUND('',#1531,.F.);
#1531 = EDGE_LOOP('',(#1532));
#1532 = ORIENTED_EDGE('',*,*,#1533,.F.);
#1533 = EDGE_CURVE('',#1534,#1534,#1536,.T.);
#1534 = VERTEX_POINT('',#1535);
#1535 = CARTESIAN_POINT('',(4.699,-1.150923061839E-15,-401.2379));
#1536 = CIRCLE('',#1537,4.699);
#1537 = AXIS2_PLACEMENT_3D('',#1538,#1539,#1540);
#1538 = CARTESIAN_POINT('',(0.,0.,-401.2379));
#1539 = DIRECTION('',(0.,0.,1.));
#1540 = DIRECTION('',(1.,0.,0.));
#1541 = FACE_BOUND('',#1542,.F.);
#1542 = EDGE_LOOP('',(#1543));
#1543 = ORIENTED_EDGE('',*,*,#1544,.F.);
#1544 = EDGE_CURVE('',#1545,#1545,#1547,.T.);
#1545 = VERTEX_POINT('',#1546);
#1546 = CARTESIAN_POINT('',(33.147,-9.642868896486E-16,-401.2379));
#1547 = CIRCLE('',#1548,3.937);
#1548 = AXIS2_PLACEMENT_3D('',#1549,#1550,#1551);
#1549 = CARTESIAN_POINT('',(29.21,0.,-401.2379));
#1550 = DIRECTION('',(0.,0.,1.));
#1551 = DIRECTION('',(1.,0.,0.));
#1552 = FACE_BOUND('',#1553,.F.);
#1553 = EDGE_LOOP('',(#1554));
#1554 = ORIENTED_EDGE('',*,*,#1555,.F.);
#1555 = EDGE_CURVE('',#1556,#1556,#1558,.T.);
#1556 = VERTEX_POINT('',#1557);
#1557 = CARTESIAN_POINT('',(-25.273,2.612906410661E-15,-401.2379));
#1558 = CIRCLE('',#1559,3.937);
#1559 = AXIS2_PLACEMENT_3D('',#1560,#1561,#1562);
#1560 = CARTESIAN_POINT('',(-29.21,3.577193300309E-15,-401.2379));
#1561 = DIRECTION('',(0.,0.,1.));
#1562 = DIRECTION('',(1.,0.,0.));
#1563 = FACE_BOUND('',#1564,.F.);
#1564 = EDGE_LOOP('',(#1565));
#1565 = ORIENTED_EDGE('',*,*,#1566,.F.);
#1566 = EDGE_CURVE('',#1567,#1567,#1569,.T.);
#1567 = VERTEX_POINT('',#1568);
#1568 = CARTESIAN_POINT('',(-10.668,25.296602044543,-401.2379));
#1569 = CIRCLE('',#1570,3.937);
#1570 = AXIS2_PLACEMENT_3D('',#1571,#1572,#1573);
#1571 = CARTESIAN_POINT('',(-14.605,25.296602044543,-401.2379));
#1572 = DIRECTION('',(0.,0.,1.));
#1573 = DIRECTION('',(1.,0.,0.));
#1574 = FACE_BOUND('',#1575,.F.);
#1575 = EDGE_LOOP('',(#1576));
#1576 = ORIENTED_EDGE('',*,*,#1577,.F.);
#1577 = EDGE_CURVE('',#1578,#1578,#1580,.T.);
#1578 = VERTEX_POINT('',#1579);
#1579 = CARTESIAN_POINT('',(18.542,25.296602044543,-401.2379));
#1580 = CIRCLE('',#1581,3.937);
#1581 = AXIS2_PLACEMENT_3D('',#1582,#1583,#1584);
#1582 = CARTESIAN_POINT('',(14.605,25.296602044543,-401.2379));
#1583 = DIRECTION('',(0.,0.,1.));
#1584 = DIRECTION('',(1.,0.,0.));
#1585 = PLANE('',#1586);
#1586 = AXIS2_PLACEMENT_3D('',#1587,#1588,#1589);
#1587 = CARTESIAN_POINT('',(0.,0.,-401.2379));
#1588 = DIRECTION('',(0.,0.,1.));
#1589 = DIRECTION('',(1.,0.,0.));
#1590 = ADVANCED_FACE('',(#1591),#1602,.F.);
#1591 = FACE_BOUND('',#1592,.F.);
#1592 = EDGE_LOOP('',(#1593,#1594,#1600,#1601));
#1593 = ORIENTED_EDGE('',*,*,#1425,.F.);
#1594 = ORIENTED_EDGE('',*,*,#1595,.F.);
#1595 = EDGE_CURVE('',#1512,#1426,#1596,.T.);
#1596 = LINE('',#1597,#1598);
#1597 = CARTESIAN_POINT('',(-10.668,-25.29660204454,-402.6349));
#1598 = VECTOR('',#1599,1.);
#1599 = DIRECTION('',(0.,0.,1.));
#1600 = ORIENTED_EDGE('',*,*,#1511,.T.);
#1601 = ORIENTED_EDGE('',*,*,#1595,.T.);
#1602 = CYLINDRICAL_SURFACE('',#1603,3.937);
#1603 = AXIS2_PLACEMENT_3D('',#1604,#1605,#1606);
#1604 = CARTESIAN_POINT('',(-14.605,-25.29660204454,-402.6349));
#1605 = DIRECTION('',(0.,0.,1.));
#1606 = DIRECTION('',(1.,0.,0.));
#1607 = ADVANCED_FACE('',(#1608),#1619,.F.);
#1608 = FACE_BOUND('',#1609,.F.);
#1609 = EDGE_LOOP('',(#1610,#1611,#1617,#1618));
#1610 = ORIENTED_EDGE('',*,*,#1436,.F.);
#1611 = ORIENTED_EDGE('',*,*,#1612,.F.);
#1612 = EDGE_CURVE('',#1523,#1437,#1613,.T.);
#1613 = LINE('',#1614,#1615);
#1614 = CARTESIAN_POINT('',(18.542,-25.29660204454,-402.6349));
#1615 = VECTOR('',#1616,1.);
#1616 = DIRECTION('',(0.,0.,1.));
#1617 = ORIENTED_EDGE('',*,*,#1522,.T.);
#1618 = ORIENTED_EDGE('',*,*,#1612,.T.);
#1619 = CYLINDRICAL_SURFACE('',#1620,3.937);
#1620 = AXIS2_PLACEMENT_3D('',#1621,#1622,#1623);
#1621 = CARTESIAN_POINT('',(14.605,-25.29660204454,-402.6349));
#1622 = DIRECTION('',(0.,0.,1.));
#1623 = DIRECTION('',(1.,0.,0.));
#1624 = ADVANCED_FACE('',(#1625),#1636,.F.);
#1625 = FACE_BOUND('',#1626,.F.);
#1626 = EDGE_LOOP('',(#1627,#1628,#1634,#1635));
#1627 = ORIENTED_EDGE('',*,*,#1447,.F.);
#1628 = ORIENTED_EDGE('',*,*,#1629,.F.);
#1629 = EDGE_CURVE('',#1534,#1448,#1630,.T.);
#1630 = LINE('',#1631,#1632);
#1631 = CARTESIAN_POINT('',(4.699,-1.150923061839E-15,-402.6349));
#1632 = VECTOR('',#1633,1.);
#1633 = DIRECTION('',(0.,0.,1.));
#1634 = ORIENTED_EDGE('',*,*,#1533,.T.);
#1635 = ORIENTED_EDGE('',*,*,#1629,.T.);
#1636 = CYLINDRICAL_SURFACE('',#1637,4.699);
#1637 = AXIS2_PLACEMENT_3D('',#1638,#1639,#1640);
#1638 = CARTESIAN_POINT('',(0.,0.,-402.6349));
#1639 = DIRECTION('',(0.,0.,1.));
#1640 = DIRECTION('',(1.,0.,0.));
#1641 = ADVANCED_FACE('',(#1642),#1653,.F.);
#1642 = FACE_BOUND('',#1643,.F.);
#1643 = EDGE_LOOP('',(#1644,#1645,#1651,#1652));
#1644 = ORIENTED_EDGE('',*,*,#1458,.F.);
#1645 = ORIENTED_EDGE('',*,*,#1646,.F.);
#1646 = EDGE_CURVE('',#1545,#1459,#1647,.T.);
#1647 = LINE('',#1648,#1649);
#1648 = CARTESIAN_POINT('',(33.147,-9.642868896486E-16,-402.6349));
#1649 = VECTOR('',#1650,1.);
#1650 = DIRECTION('',(0.,0.,1.));
#1651 = ORIENTED_EDGE('',*,*,#1544,.T.);
#1652 = ORIENTED_EDGE('',*,*,#1646,.T.);
#1653 = CYLINDRICAL_SURFACE('',#1654,3.937);
#1654 = AXIS2_PLACEMENT_3D('',#1655,#1656,#1657);
#1655 = CARTESIAN_POINT('',(29.21,0.,-402.6349));
#1656 = DIRECTION('',(0.,0.,1.));
#1657 = DIRECTION('',(1.,0.,0.));
#1658 = ADVANCED_FACE('',(#1659),#1670,.F.);
#1659 = FACE_BOUND('',#1660,.F.);
#1660 = EDGE_LOOP('',(#1661,#1662,#1668,#1669));
#1661 = ORIENTED_EDGE('',*,*,#1469,.F.);
#1662 = ORIENTED_EDGE('',*,*,#1663,.F.);
#1663 = EDGE_CURVE('',#1556,#1470,#1664,.T.);
#1664 = LINE('',#1665,#1666);
#1665 = CARTESIAN_POINT('',(-25.273,2.612906410661E-15,-402.6349));
#1666 = VECTOR('',#1667,1.);
#1667 = DIRECTION('',(0.,0.,1.));
#1668 = ORIENTED_EDGE('',*,*,#1555,.T.);
#1669 = ORIENTED_EDGE('',*,*,#1663,.T.);
#1670 = CYLINDRICAL_SURFACE('',#1671,3.937);
#1671 = AXIS2_PLACEMENT_3D('',#1672,#1673,#1674);
#1672 = CARTESIAN_POINT('',(-29.21,3.577193300309E-15,-402.6349));
#1673 = DIRECTION('',(0.,0.,1.));
#1674 = DIRECTION('',(1.,0.,0.));
#1675 = ADVANCED_FACE('',(#1676),#1687,.F.);
#1676 = FACE_BOUND('',#1677,.F.);
#1677 = EDGE_LOOP('',(#1678,#1679,#1685,#1686));
#1678 = ORIENTED_EDGE('',*,*,#1480,.F.);
#1679 = ORIENTED_EDGE('',*,*,#1680,.F.);
#1680 = EDGE_CURVE('',#1567,#1481,#1681,.T.);
#1681 = LINE('',#1682,#1683);
#1682 = CARTESIAN_POINT('',(-10.668,25.296602044543,-402.6349));
#1683 = VECTOR('',#1684,1.);
#1684 = DIRECTION('',(0.,0.,1.));
#1685 = ORIENTED_EDGE('',*,*,#1566,.T.);
#1686 = ORIENTED_EDGE('',*,*,#1680,.T.);
#1687 = CYLINDRICAL_SURFACE('',#1688,3.937);
#1688 = AXIS2_PLACEMENT_3D('',#1689,#1690,#1691);
#1689 = CARTESIAN_POINT('',(-14.605,25.296602044543,-402.6349));
#1690 = DIRECTION('',(0.,0.,1.));
#1691 = DIRECTION('',(1.,0.,0.));
#1692 = ADVANCED_FACE('',(#1693),#1704,.F.);
#1693 = FACE_BOUND('',#1694,.F.);
#1694 = EDGE_LOOP('',(#1695,#1696,#1702,#1703));
#1695 = ORIENTED_EDGE('',*,*,#1491,.F.);
#1696 = ORIENTED_EDGE('',*,*,#1697,.F.);
#1697 = EDGE_CURVE('',#1578,#1492,#1698,.T.);
#1698 = LINE('',#1699,#1700);
#1699 = CARTESIAN_POINT('',(18.542,25.296602044543,-402.6349));
#1700 = VECTOR('',#1701,1.);
#1701 = DIRECTION('',(0.,0.,1.));
#1702 = ORIENTED_EDGE('',*,*,#1577,.T.);
#1703 = ORIENTED_EDGE('',*,*,#1697,.T.);
#1704 = CYLINDRICAL_SURFACE('',#1705,3.937);
#1705 = AXIS2_PLACEMENT_3D('',#1706,#1707,#1708);
#1706 = CARTESIAN_POINT('',(14.605,25.296602044543,-402.6349));
#1707 = DIRECTION('',(0.,0.,1.));
#1708 = DIRECTION('',(1.,0.,0.));
#1709 = MANIFOLD_SOLID_BREP('',#1710);
#1710 = CLOSED_SHELL('',(#1711,#1744,#1830,#1916,#1933,#1950,#1967,#1984
    ,#2001,#2018));
#1711 = ADVANCED_FACE('',(#1712),#1739,.T.);
#1712 = FACE_BOUND('',#1713,.T.);
#1713 = EDGE_LOOP('',(#1714,#1723,#1731,#1738));
#1714 = ORIENTED_EDGE('',*,*,#1715,.F.);
#1715 = EDGE_CURVE('',#1716,#1716,#1718,.T.);
#1716 = VERTEX_POINT('',#1717);
#1717 = CARTESIAN_POINT('',(40.65905,-9.958595087774E-15,-415.2379));
#1718 = CIRCLE('',#1719,40.65905);
#1719 = AXIS2_PLACEMENT_3D('',#1720,#1721,#1722);
#1720 = CARTESIAN_POINT('',(0.,0.,-415.2379));
#1721 = DIRECTION('',(0.,0.,1.));
#1722 = DIRECTION('',(1.,0.,0.));
#1723 = ORIENTED_EDGE('',*,*,#1724,.F.);
#1724 = EDGE_CURVE('',#1725,#1716,#1727,.T.);
#1725 = VERTEX_POINT('',#1726);
#1726 = CARTESIAN_POINT('',(44.46905,-1.089177594872E-14,-435.76618));
#1727 = LINE('',#1728,#1729);
#1728 = CARTESIAN_POINT('',(44.46905,-1.089177594872E-14,-435.76618));
#1729 = VECTOR('',#1730,1.);
#1730 = DIRECTION('',(-0.182481314314,4.469503149566E-17,0.983209321521)
  );
#1731 = ORIENTED_EDGE('',*,*,#1732,.T.);
#1732 = EDGE_CURVE('',#1725,#1725,#1733,.T.);
#1733 = CIRCLE('',#1734,44.46905);
#1734 = AXIS2_PLACEMENT_3D('',#1735,#1736,#1737);
#1735 = CARTESIAN_POINT('',(0.,0.,-435.76618));
#1736 = DIRECTION('',(0.,0.,1.));
#1737 = DIRECTION('',(1.,0.,0.));
#1738 = ORIENTED_EDGE('',*,*,#1724,.T.);
#1739 = CONICAL_SURFACE('',#1740,44.46905,0.183509551923);
#1740 = AXIS2_PLACEMENT_3D('',#1741,#1742,#1743);
#1741 = CARTESIAN_POINT('',(0.,0.,-435.76618));
#1742 = DIRECTION('',(-0.,-0.,-1.));
#1743 = DIRECTION('',(1.,0.,0.));
#1744 = ADVANCED_FACE('',(#1745,#1748,#1759,#1770,#1781,#1792,#1803,
    #1814),#1825,.T.);
#1745 = FACE_BOUND('',#1746,.T.);
#1746 = EDGE_LOOP('',(#1747));
#1747 = ORIENTED_EDGE('',*,*,#1715,.T.);
#1748 = FACE_BOUND('',#1749,.T.);
#1749 = EDGE_LOOP('',(#1750));
#1750 = ORIENTED_EDGE('',*,*,#1751,.F.);
#1751 = EDGE_CURVE('',#1752,#1752,#1754,.T.);
#1752 = VERTEX_POINT('',#1753);
#1753 = CARTESIAN_POINT('',(-10.668,-25.29660204454,-415.2379));
#1754 = CIRCLE('',#1755,3.937);
#1755 = AXIS2_PLACEMENT_3D('',#1756,#1757,#1758);
#1756 = CARTESIAN_POINT('',(-14.605,-25.29660204454,-415.2379));
#1757 = DIRECTION('',(0.,0.,1.));
#1758 = DIRECTION('',(1.,0.,0.));
#1759 = FACE_BOUND('',#1760,.T.);
#1760 = EDGE_LOOP('',(#1761));
#1761 = ORIENTED_EDGE('',*,*,#1762,.F.);
#1762 = EDGE_CURVE('',#1763,#1763,#1765,.T.);
#1763 = VERTEX_POINT('',#1764);
#1764 = CARTESIAN_POINT('',(18.542,-25.29660204454,-415.2379));
#1765 = CIRCLE('',#1766,3.937);
#1766 = AXIS2_PLACEMENT_3D('',#1767,#1768,#1769);
#1767 = CARTESIAN_POINT('',(14.605,-25.29660204454,-415.2379));
#1768 = DIRECTION('',(0.,0.,1.));
#1769 = DIRECTION('',(1.,0.,0.));
#1770 = FACE_BOUND('',#1771,.T.);
#1771 = EDGE_LOOP('',(#1772));
#1772 = ORIENTED_EDGE('',*,*,#1773,.F.);
#1773 = EDGE_CURVE('',#1774,#1774,#1776,.T.);
#1774 = VERTEX_POINT('',#1775);
#1775 = CARTESIAN_POINT('',(19.69135,-4.822989749678E-15,-415.2379));
#1776 = CIRCLE('',#1777,19.69135);
#1777 = AXIS2_PLACEMENT_3D('',#1778,#1779,#1780);
#1778 = CARTESIAN_POINT('',(0.,0.,-415.2379));
#1779 = DIRECTION('',(0.,0.,1.));
#1780 = DIRECTION('',(1.,0.,0.));
#1781 = FACE_BOUND('',#1782,.T.);
#1782 = EDGE_LOOP('',(#1783));
#1783 = ORIENTED_EDGE('',*,*,#1784,.F.);
#1784 = EDGE_CURVE('',#1785,#1785,#1787,.T.);
#1785 = VERTEX_POINT('',#1786);
#1786 = CARTESIAN_POINT('',(33.147,-9.642868896486E-16,-415.2379));
#1787 = CIRCLE('',#1788,3.937);
#1788 = AXIS2_PLACEMENT_3D('',#1789,#1790,#1791);
#1789 = CARTESIAN_POINT('',(29.21,0.,-415.2379));
#1790 = DIRECTION('',(0.,0.,1.));
#1791 = DIRECTION('',(1.,0.,0.));
#1792 = FACE_BOUND('',#1793,.T.);
#1793 = EDGE_LOOP('',(#1794));
#1794 = ORIENTED_EDGE('',*,*,#1795,.F.);
#1795 = EDGE_CURVE('',#1796,#1796,#1798,.T.);
#1796 = VERTEX_POINT('',#1797);
#1797 = CARTESIAN_POINT('',(-25.273,2.612906410661E-15,-415.2379));
#1798 = CIRCLE('',#1799,3.937);
#1799 = AXIS2_PLACEMENT_3D('',#1800,#1801,#1802);
#1800 = CARTESIAN_POINT('',(-29.21,3.577193300309E-15,-415.2379));
#1801 = DIRECTION('',(0.,0.,1.));
#1802 = DIRECTION('',(1.,0.,0.));
#1803 = FACE_BOUND('',#1804,.T.);
#1804 = EDGE_LOOP('',(#1805));
#1805 = ORIENTED_EDGE('',*,*,#1806,.F.);
#1806 = EDGE_CURVE('',#1807,#1807,#1809,.T.);
#1807 = VERTEX_POINT('',#1808);
#1808 = CARTESIAN_POINT('',(-10.668,25.296602044543,-415.2379));
#1809 = CIRCLE('',#1810,3.937);
#1810 = AXIS2_PLACEMENT_3D('',#1811,#1812,#1813);
#1811 = CARTESIAN_POINT('',(-14.605,25.296602044543,-415.2379));
#1812 = DIRECTION('',(0.,0.,1.));
#1813 = DIRECTION('',(1.,0.,0.));
#1814 = FACE_BOUND('',#1815,.T.);
#1815 = EDGE_LOOP('',(#1816));
#1816 = ORIENTED_EDGE('',*,*,#1817,.F.);
#1817 = EDGE_CURVE('',#1818,#1818,#1820,.T.);
#1818 = VERTEX_POINT('',#1819);
#1819 = CARTESIAN_POINT('',(18.542,25.296602044543,-415.2379));
#1820 = CIRCLE('',#1821,3.937);
#1821 = AXIS2_PLACEMENT_3D('',#1822,#1823,#1824);
#1822 = CARTESIAN_POINT('',(14.605,25.296602044543,-415.2379));
#1823 = DIRECTION('',(0.,0.,1.));
#1824 = DIRECTION('',(1.,0.,0.));
#1825 = PLANE('',#1826);
#1826 = AXIS2_PLACEMENT_3D('',#1827,#1828,#1829);
#1827 = CARTESIAN_POINT('',(0.,0.,-415.2379));
#1828 = DIRECTION('',(0.,0.,1.));
#1829 = DIRECTION('',(1.,0.,0.));
#1830 = ADVANCED_FACE('',(#1831,#1834,#1845,#1856,#1867,#1878,#1889,
    #1900),#1911,.F.);
#1831 = FACE_BOUND('',#1832,.F.);
#1832 = EDGE_LOOP('',(#1833));
#1833 = ORIENTED_EDGE('',*,*,#1732,.T.);
#1834 = FACE_BOUND('',#1835,.F.);
#1835 = EDGE_LOOP('',(#1836));
#1836 = ORIENTED_EDGE('',*,*,#1837,.F.);
#1837 = EDGE_CURVE('',#1838,#1838,#1840,.T.);
#1838 = VERTEX_POINT('',#1839);
#1839 = CARTESIAN_POINT('',(-10.668,-25.29660204454,-435.76618));
#1840 = CIRCLE('',#1841,3.937);
#1841 = AXIS2_PLACEMENT_3D('',#1842,#1843,#1844);
#1842 = CARTESIAN_POINT('',(-14.605,-25.29660204454,-435.76618));
#1843 = DIRECTION('',(0.,0.,1.));
#1844 = DIRECTION('',(1.,0.,0.));
#1845 = FACE_BOUND('',#1846,.F.);
#1846 = EDGE_LOOP('',(#1847));
#1847 = ORIENTED_EDGE('',*,*,#1848,.F.);
#1848 = EDGE_CURVE('',#1849,#1849,#1851,.T.);
#1849 = VERTEX_POINT('',#1850);
#1850 = CARTESIAN_POINT('',(18.542,-25.29660204454,-435.76618));
#1851 = CIRCLE('',#1852,3.937);
#1852 = AXIS2_PLACEMENT_3D('',#1853,#1854,#1855);
#1853 = CARTESIAN_POINT('',(14.605,-25.29660204454,-435.76618));
#1854 = DIRECTION('',(0.,0.,1.));
#1855 = DIRECTION('',(1.,0.,0.));
#1856 = FACE_BOUND('',#1857,.F.);
#1857 = EDGE_LOOP('',(#1858));
#1858 = ORIENTED_EDGE('',*,*,#1859,.F.);
#1859 = EDGE_CURVE('',#1860,#1860,#1862,.T.);
#1860 = VERTEX_POINT('',#1861);
#1861 = CARTESIAN_POINT('',(19.69135,-4.822989749678E-15,-435.76618));
#1862 = CIRCLE('',#1863,19.69135);
#1863 = AXIS2_PLACEMENT_3D('',#1864,#1865,#1866);
#1864 = CARTESIAN_POINT('',(0.,0.,-435.76618));
#1865 = DIRECTION('',(0.,0.,1.));
#1866 = DIRECTION('',(1.,0.,0.));
#1867 = FACE_BOUND('',#1868,.F.);
#1868 = EDGE_LOOP('',(#1869));
#1869 = ORIENTED_EDGE('',*,*,#1870,.F.);
#1870 = EDGE_CURVE('',#1871,#1871,#1873,.T.);
#1871 = VERTEX_POINT('',#1872);
#1872 = CARTESIAN_POINT('',(33.147,-9.642868896486E-16,-435.76618));
#1873 = CIRCLE('',#1874,3.937);
#1874 = AXIS2_PLACEMENT_3D('',#1875,#1876,#1877);
#1875 = CARTESIAN_POINT('',(29.21,0.,-435.76618));
#1876 = DIRECTION('',(0.,0.,1.));
#1877 = DIRECTION('',(1.,0.,0.));
#1878 = FACE_BOUND('',#1879,.F.);
#1879 = EDGE_LOOP('',(#1880));
#1880 = ORIENTED_EDGE('',*,*,#1881,.F.);
#1881 = EDGE_CURVE('',#1882,#1882,#1884,.T.);
#1882 = VERTEX_POINT('',#1883);
#1883 = CARTESIAN_POINT('',(-25.273,2.612906410661E-15,-435.76618));
#1884 = CIRCLE('',#1885,3.937);
#1885 = AXIS2_PLACEMENT_3D('',#1886,#1887,#1888);
#1886 = CARTESIAN_POINT('',(-29.21,3.577193300309E-15,-435.76618));
#1887 = DIRECTION('',(0.,0.,1.));
#1888 = DIRECTION('',(1.,0.,0.));
#1889 = FACE_BOUND('',#1890,.F.);
#1890 = EDGE_LOOP('',(#1891));
#1891 = ORIENTED_EDGE('',*,*,#1892,.F.);
#1892 = EDGE_CURVE('',#1893,#1893,#1895,.T.);
#1893 = VERTEX_POINT('',#1894);
#1894 = CARTESIAN_POINT('',(-10.668,25.296602044543,-435.76618));
#1895 = CIRCLE('',#1896,3.937);
#1896 = AXIS2_PLACEMENT_3D('',#1897,#1898,#1899);
#1897 = CARTESIAN_POINT('',(-14.605,25.296602044543,-435.76618));
#1898 = DIRECTION('',(0.,0.,1.));
#1899 = DIRECTION('',(1.,0.,0.));
#1900 = FACE_BOUND('',#1901,.F.);
#1901 = EDGE_LOOP('',(#1902));
#1902 = ORIENTED_EDGE('',*,*,#1903,.F.);
#1903 = EDGE_CURVE('',#1904,#1904,#1906,.T.);
#1904 = VERTEX_POINT('',#1905);
#1905 = CARTESIAN_POINT('',(18.542,25.296602044543,-435.76618));
#1906 = CIRCLE('',#1907,3.937);
#1907 = AXIS2_PLACEMENT_3D('',#1908,#1909,#1910);
#1908 = CARTESIAN_POINT('',(14.605,25.296602044543,-435.76618));
#1909 = DIRECTION('',(0.,0.,1.));
#1910 = DIRECTION('',(1.,0.,0.));
#1911 = PLANE('',#1912);
#1912 = AXIS2_PLACEMENT_3D('',#1913,#1914,#1915);
#1913 = CARTESIAN_POINT('',(0.,0.,-435.76618));
#1914 = DIRECTION('',(0.,0.,1.));
#1915 = DIRECTION('',(1.,0.,0.));
#1916 = ADVANCED_FACE('',(#1917),#1928,.F.);
#1917 = FACE_BOUND('',#1918,.F.);
#1918 = EDGE_LOOP('',(#1919,#1920,#1926,#1927));
#1919 = ORIENTED_EDGE('',*,*,#1751,.F.);
#1920 = ORIENTED_EDGE('',*,*,#1921,.F.);
#1921 = EDGE_CURVE('',#1838,#1752,#1922,.T.);
#1922 = LINE('',#1923,#1924);
#1923 = CARTESIAN_POINT('',(-10.668,-25.29660204454,-439.871836));
#1924 = VECTOR('',#1925,1.);
#1925 = DIRECTION('',(0.,0.,1.));
#1926 = ORIENTED_EDGE('',*,*,#1837,.T.);
#1927 = ORIENTED_EDGE('',*,*,#1921,.T.);
#1928 = CYLINDRICAL_SURFACE('',#1929,3.937);
#1929 = AXIS2_PLACEMENT_3D('',#1930,#1931,#1932);
#1930 = CARTESIAN_POINT('',(-14.605,-25.29660204454,-439.871836));
#1931 = DIRECTION('',(0.,0.,1.));
#1932 = DIRECTION('',(1.,0.,0.));
#1933 = ADVANCED_FACE('',(#1934),#1945,.F.);
#1934 = FACE_BOUND('',#1935,.F.);
#1935 = EDGE_LOOP('',(#1936,#1937,#1943,#1944));
#1936 = ORIENTED_EDGE('',*,*,#1762,.F.);
#1937 = ORIENTED_EDGE('',*,*,#1938,.F.);
#1938 = EDGE_CURVE('',#1849,#1763,#1939,.T.);
#1939 = LINE('',#1940,#1941);
#1940 = CARTESIAN_POINT('',(18.542,-25.29660204454,-439.871836));
#1941 = VECTOR('',#1942,1.);
#1942 = DIRECTION('',(0.,0.,1.));
#1943 = ORIENTED_EDGE('',*,*,#1848,.T.);
#1944 = ORIENTED_EDGE('',*,*,#1938,.T.);
#1945 = CYLINDRICAL_SURFACE('',#1946,3.937);
#1946 = AXIS2_PLACEMENT_3D('',#1947,#1948,#1949);
#1947 = CARTESIAN_POINT('',(14.605,-25.29660204454,-439.871836));
#1948 = DIRECTION('',(0.,0.,1.));
#1949 = DIRECTION('',(1.,0.,0.));
#1950 = ADVANCED_FACE('',(#1951),#1962,.F.);
#1951 = FACE_BOUND('',#1952,.F.);
#1952 = EDGE_LOOP('',(#1953,#1954,#1960,#1961));
#1953 = ORIENTED_EDGE('',*,*,#1773,.F.);
#1954 = ORIENTED_EDGE('',*,*,#1955,.F.);
#1955 = EDGE_CURVE('',#1860,#1774,#1956,.T.);
#1956 = LINE('',#1957,#1958);
#1957 = CARTESIAN_POINT('',(19.69135,-4.822989749678E-15,-437.819008));
#1958 = VECTOR('',#1959,1.);
#1959 = DIRECTION('',(0.,0.,1.));
#1960 = ORIENTED_EDGE('',*,*,#1859,.T.);
#1961 = ORIENTED_EDGE('',*,*,#1955,.T.);
#1962 = CYLINDRICAL_SURFACE('',#1963,19.69135);
#1963 = AXIS2_PLACEMENT_3D('',#1964,#1965,#1966);
#1964 = CARTESIAN_POINT('',(0.,0.,-437.819008));
#1965 = DIRECTION('',(0.,0.,1.));
#1966 = DIRECTION('',(1.,0.,0.));
#1967 = ADVANCED_FACE('',(#1968),#1979,.F.);
#1968 = FACE_BOUND('',#1969,.F.);
#1969 = EDGE_LOOP('',(#1970,#1971,#1977,#1978));
#1970 = ORIENTED_EDGE('',*,*,#1784,.F.);
#1971 = ORIENTED_EDGE('',*,*,#1972,.F.);
#1972 = EDGE_CURVE('',#1871,#1785,#1973,.T.);
#1973 = LINE('',#1974,#1975);
#1974 = CARTESIAN_POINT('',(33.147,-9.642868896486E-16,-439.871836));
#1975 = VECTOR('',#1976,1.);
#1976 = DIRECTION('',(0.,0.,1.));
#1977 = ORIENTED_EDGE('',*,*,#1870,.T.);
#1978 = ORIENTED_EDGE('',*,*,#1972,.T.);
#1979 = CYLINDRICAL_SURFACE('',#1980,3.937);
#1980 = AXIS2_PLACEMENT_3D('',#1981,#1982,#1983);
#1981 = CARTESIAN_POINT('',(29.21,0.,-439.871836));
#1982 = DIRECTION('',(0.,0.,1.));
#1983 = DIRECTION('',(1.,0.,0.));
#1984 = ADVANCED_FACE('',(#1985),#1996,.F.);
#1985 = FACE_BOUND('',#1986,.F.);
#1986 = EDGE_LOOP('',(#1987,#1988,#1994,#1995));
#1987 = ORIENTED_EDGE('',*,*,#1795,.F.);
#1988 = ORIENTED_EDGE('',*,*,#1989,.F.);
#1989 = EDGE_CURVE('',#1882,#1796,#1990,.T.);
#1990 = LINE('',#1991,#1992);
#1991 = CARTESIAN_POINT('',(-25.273,2.612906410661E-15,-439.871836));
#1992 = VECTOR('',#1993,1.);
#1993 = DIRECTION('',(0.,0.,1.));
#1994 = ORIENTED_EDGE('',*,*,#1881,.T.);
#1995 = ORIENTED_EDGE('',*,*,#1989,.T.);
#1996 = CYLINDRICAL_SURFACE('',#1997,3.937);
#1997 = AXIS2_PLACEMENT_3D('',#1998,#1999,#2000);
#1998 = CARTESIAN_POINT('',(-29.21,3.577193300309E-15,-439.871836));
#1999 = DIRECTION('',(0.,0.,1.));
#2000 = DIRECTION('',(1.,0.,0.));
#2001 = ADVANCED_FACE('',(#2002),#2013,.F.);
#2002 = FACE_BOUND('',#2003,.F.);
#2003 = EDGE_LOOP('',(#2004,#2005,#2011,#2012));
#2004 = ORIENTED_EDGE('',*,*,#1806,.F.);
#2005 = ORIENTED_EDGE('',*,*,#2006,.F.);
#2006 = EDGE_CURVE('',#1893,#1807,#2007,.T.);
#2007 = LINE('',#2008,#2009);
#2008 = CARTESIAN_POINT('',(-10.668,25.296602044543,-439.871836));
#2009 = VECTOR('',#2010,1.);
#2010 = DIRECTION('',(0.,0.,1.));
#2011 = ORIENTED_EDGE('',*,*,#1892,.T.);
#2012 = ORIENTED_EDGE('',*,*,#2006,.T.);
#2013 = CYLINDRICAL_SURFACE('',#2014,3.937);
#2014 = AXIS2_PLACEMENT_3D('',#2015,#2016,#2017);
#2015 = CARTESIAN_POINT('',(-14.605,25.296602044543,-439.871836));
#2016 = DIRECTION('',(0.,0.,1.));
#2017 = DIRECTION('',(1.,0.,0.));
#2018 = ADVANCED_FACE('',(#2019),#2030,.F.);
#2019 = FACE_BOUND('',#2020,.F.);
#2020 = EDGE_LOOP('',(#2021,#2022,#2028,#2029));
#2021 = ORIENTED_EDGE('',*,*,#1817,.F.);
#2022 = ORIENTED_EDGE('',*,*,#2023,.F.);
#2023 = EDGE_CURVE('',#1904,#1818,#2024,.T.);
#2024 = LINE('',#2025,#2026);
#2025 = CARTESIAN_POINT('',(18.542,25.296602044543,-439.871836));
#2026 = VECTOR('',#2027,1.);
#2027 = DIRECTION('',(0.,0.,1.));
#2028 = ORIENTED_EDGE('',*,*,#1903,.T.);
#2029 = ORIENTED_EDGE('',*,*,#2023,.T.);
#2030 = CYLINDRICAL_SURFACE('',#2031,3.937);
#2031 = AXIS2_PLACEMENT_3D('',#2032,#2033,#2034);
#2032 = CARTESIAN_POINT('',(14.605,25.296602044543,-439.871836));
#2033 = DIRECTION('',(0.,0.,1.));
#2034 = DIRECTION('',(1.,0.,0.));
#2035 = MANIFOLD_SOLID_BREP('',#2036);
#2036 = CLOSED_SHELL('',(#2037,#2172,#2203,#2291,#2322,#2347,#2371,#2402
    ,#2427,#2451,#2482,#2510,#2530,#2572,#2627,#2640,#2658,#2676,#2685,
    #2703,#2721,#2746,#2778,#2847,#2867,#2879,#2891,#2911,#3111,#3136,
    #3162,#3187,#3212,#3221,#3230,#3239));
#2037 = ADVANCED_FACE('',(#2038),#2167,.T.);
#2038 = FACE_BOUND('',#2039,.T.);
#2039 = EDGE_LOOP('',(#2040,#2050,#2059,#2067,#2074,#2075,#2084,#2092,
    #2101,#2109,#2118,#2126,#2135,#2143,#2152,#2160));
#2040 = ORIENTED_EDGE('',*,*,#2041,.T.);
#2041 = EDGE_CURVE('',#2042,#2044,#2046,.T.);
#2042 = VERTEX_POINT('',#2043);
#2043 = CARTESIAN_POINT('',(9.378533815245,-1.27,-527.23618));
#2044 = VERTEX_POINT('',#2045);
#2045 = CARTESIAN_POINT('',(9.378533815245,-1.27,-522.15618));
#2046 = LINE('',#2047,#2048);
#2047 = CARTESIAN_POINT('',(9.378533815245,-1.27,-527.23618));
#2048 = VECTOR('',#2049,1.);
#2049 = DIRECTION('',(0.,0.,1.));
#2050 = ORIENTED_EDGE('',*,*,#2051,.T.);
#2051 = EDGE_CURVE('',#2044,#2052,#2054,.T.);
#2052 = VERTEX_POINT('',#2053);
#2053 = CARTESIAN_POINT('',(9.4535,-2.644012439359E-15,-522.15618));
#2054 = CIRCLE('',#2055,10.795);
#2055 = AXIS2_PLACEMENT_3D('',#2056,#2057,#2058);
#2056 = CARTESIAN_POINT('',(-1.3415,0.,-522.15618));
#2057 = DIRECTION('',(0.,0.,1.));
#2058 = DIRECTION('',(1.,0.,0.));
#2059 = ORIENTED_EDGE('',*,*,#2060,.T.);
#2060 = EDGE_CURVE('',#2052,#2061,#2063,.T.);
#2061 = VERTEX_POINT('',#2062);
#2062 = CARTESIAN_POINT('',(9.4535,-2.644012439359E-15,-515.80618));
#2063 = LINE('',#2064,#2065);
#2064 = CARTESIAN_POINT('',(9.4535,-2.644012439359E-15,-527.23618));
#2065 = VECTOR('',#2066,1.);
#2066 = DIRECTION('',(0.,0.,1.));
#2067 = ORIENTED_EDGE('',*,*,#2068,.F.);
#2068 = EDGE_CURVE('',#2061,#2061,#2069,.T.);
#2069 = CIRCLE('',#2070,10.795);
#2070 = AXIS2_PLACEMENT_3D('',#2071,#2072,#2073);
#2071 = CARTESIAN_POINT('',(-1.3415,0.,-515.80618));
#2072 = DIRECTION('',(0.,0.,1.));
#2073 = DIRECTION('',(1.,0.,0.));
#2074 = ORIENTED_EDGE('',*,*,#2060,.F.);
#2075 = ORIENTED_EDGE('',*,*,#2076,.T.);
#2076 = EDGE_CURVE('',#2052,#2077,#2079,.T.);
#2077 = VERTEX_POINT('',#2078);
#2078 = CARTESIAN_POINT('',(9.378533815245,1.27,-522.15618));
#2079 = CIRCLE('',#2080,10.795);
#2080 = AXIS2_PLACEMENT_3D('',#2081,#2082,#2083);
#2081 = CARTESIAN_POINT('',(-1.3415,0.,-522.15618));
#2082 = DIRECTION('',(0.,0.,1.));
#2083 = DIRECTION('',(1.,0.,0.));
#2084 = ORIENTED_EDGE('',*,*,#2085,.F.);
#2085 = EDGE_CURVE('',#2086,#2077,#2088,.T.);
#2086 = VERTEX_POINT('',#2087);
#2087 = CARTESIAN_POINT('',(9.378533815245,1.27,-527.23618));
#2088 = LINE('',#2089,#2090);
#2089 = CARTESIAN_POINT('',(9.378533815245,1.27,-527.23618));
#2090 = VECTOR('',#2091,1.);
#2091 = DIRECTION('',(0.,0.,1.));
#2092 = ORIENTED_EDGE('',*,*,#2093,.T.);
#2093 = EDGE_CURVE('',#2086,#2094,#2096,.T.);
#2094 = VERTEX_POINT('',#2095);
#2095 = CARTESIAN_POINT('',(-5.601664644816,9.918821613431,-527.23618));
#2096 = CIRCLE('',#2097,10.795);
#2097 = AXIS2_PLACEMENT_3D('',#2098,#2099,#2100);
#2098 = CARTESIAN_POINT('',(-1.3415,0.,-527.23618));
#2099 = DIRECTION('',(0.,0.,1.));
#2100 = DIRECTION('',(1.,0.,0.));
#2101 = ORIENTED_EDGE('',*,*,#2102,.T.);
#2102 = EDGE_CURVE('',#2094,#2103,#2105,.T.);
#2103 = VERTEX_POINT('',#2104);
#2104 = CARTESIAN_POINT('',(-5.601664644816,9.918821613431,-522.15618));
#2105 = LINE('',#2106,#2107);
#2106 = CARTESIAN_POINT('',(-5.601664644816,9.918821613431,-527.23618));
#2107 = VECTOR('',#2108,1.);
#2108 = DIRECTION('',(0.,0.,1.));
#2109 = ORIENTED_EDGE('',*,*,#2110,.T.);
#2110 = EDGE_CURVE('',#2103,#2111,#2113,.T.);
#2111 = VERTEX_POINT('',#2112);
#2112 = CARTESIAN_POINT('',(-7.801369170429,8.648821613431,-522.15618));
#2113 = CIRCLE('',#2114,10.795);
#2114 = AXIS2_PLACEMENT_3D('',#2115,#2116,#2117);
#2115 = CARTESIAN_POINT('',(-1.3415,0.,-522.15618));
#2116 = DIRECTION('',(0.,0.,1.));
#2117 = DIRECTION('',(1.,0.,0.));
#2118 = ORIENTED_EDGE('',*,*,#2119,.F.);
#2119 = EDGE_CURVE('',#2120,#2111,#2122,.T.);
#2120 = VERTEX_POINT('',#2121);
#2121 = CARTESIAN_POINT('',(-7.801369170429,8.64882161343,-527.23618));
#2122 = LINE('',#2123,#2124);
#2123 = CARTESIAN_POINT('',(-7.801369170429,8.648821613431,-527.23618));
#2124 = VECTOR('',#2125,1.);
#2125 = DIRECTION('',(0.,0.,1.));
#2126 = ORIENTED_EDGE('',*,*,#2127,.T.);
#2127 = EDGE_CURVE('',#2120,#2128,#2130,.T.);
#2128 = VERTEX_POINT('',#2129);
#2129 = CARTESIAN_POINT('',(-7.801369170429,-8.64882161343,-527.23618));
#2130 = CIRCLE('',#2131,10.795);
#2131 = AXIS2_PLACEMENT_3D('',#2132,#2133,#2134);
#2132 = CARTESIAN_POINT('',(-1.3415,0.,-527.23618));
#2133 = DIRECTION('',(0.,0.,1.));
#2134 = DIRECTION('',(1.,0.,0.));
#2135 = ORIENTED_EDGE('',*,*,#2136,.T.);
#2136 = EDGE_CURVE('',#2128,#2137,#2139,.T.);
#2137 = VERTEX_POINT('',#2138);
#2138 = CARTESIAN_POINT('',(-7.801369170429,-8.648821613431,-522.15618)
  );
#2139 = LINE('',#2140,#2141);
#2140 = CARTESIAN_POINT('',(-7.801369170429,-8.648821613431,-527.23618)
  );
#2141 = VECTOR('',#2142,1.);
#2142 = DIRECTION('',(0.,0.,1.));
#2143 = ORIENTED_EDGE('',*,*,#2144,.T.);
#2144 = EDGE_CURVE('',#2137,#2145,#2147,.T.);
#2145 = VERTEX_POINT('',#2146);
#2146 = CARTESIAN_POINT('',(-5.601664644816,-9.918821613431,-522.15618)
  );
#2147 = CIRCLE('',#2148,10.795);
#2148 = AXIS2_PLACEMENT_3D('',#2149,#2150,#2151);
#2149 = CARTESIAN_POINT('',(-1.3415,0.,-522.15618));
#2150 = DIRECTION('',(0.,0.,1.));
#2151 = DIRECTION('',(1.,0.,0.));
#2152 = ORIENTED_EDGE('',*,*,#2153,.F.);
#2153 = EDGE_CURVE('',#2154,#2145,#2156,.T.);
#2154 = VERTEX_POINT('',#2155);
#2155 = CARTESIAN_POINT('',(-5.601664644816,-9.918821613431,-527.23618)
  );
#2156 = LINE('',#2157,#2158);
#2157 = CARTESIAN_POINT('',(-5.601664644816,-9.918821613431,-527.23618)
  );
#2158 = VECTOR('',#2159,1.);
#2159 = DIRECTION('',(0.,0.,1.));
#2160 = ORIENTED_EDGE('',*,*,#2161,.T.);
#2161 = EDGE_CURVE('',#2154,#2042,#2162,.T.);
#2162 = CIRCLE('',#2163,10.795);
#2163 = AXIS2_PLACEMENT_3D('',#2164,#2165,#2166);
#2164 = CARTESIAN_POINT('',(-1.3415,0.,-527.23618));
#2165 = DIRECTION('',(0.,0.,1.));
#2166 = DIRECTION('',(1.,0.,0.));
#2167 = CYLINDRICAL_SURFACE('',#2168,10.795);
#2168 = AXIS2_PLACEMENT_3D('',#2169,#2170,#2171);
#2169 = CARTESIAN_POINT('',(-1.3415,0.,-527.23618));
#2170 = DIRECTION('',(0.,0.,1.));
#2171 = DIRECTION('',(1.,0.,0.));
#2172 = ADVANCED_FACE('',(#2173),#2198,.F.);
#2173 = FACE_BOUND('',#2174,.F.);
#2174 = EDGE_LOOP('',(#2175,#2183,#2184,#2192));
#2175 = ORIENTED_EDGE('',*,*,#2176,.F.);
#2176 = EDGE_CURVE('',#2042,#2177,#2179,.T.);
#2177 = VERTEX_POINT('',#2178);
#2178 = CARTESIAN_POINT('',(29.429803291379,-1.27,-527.23618));
#2179 = LINE('',#2180,#2181);
#2180 = CARTESIAN_POINT('',(8.9535,-1.27,-527.23618));
#2181 = VECTOR('',#2182,1.);
#2182 = DIRECTION('',(1.,0.,0.));
#2183 = ORIENTED_EDGE('',*,*,#2041,.T.);
#2184 = ORIENTED_EDGE('',*,*,#2185,.T.);
#2185 = EDGE_CURVE('',#2044,#2186,#2188,.T.);
#2186 = VERTEX_POINT('',#2187);
#2187 = CARTESIAN_POINT('',(29.429803291378,-1.27,-522.15618));
#2188 = LINE('',#2189,#2190);
#2189 = CARTESIAN_POINT('',(8.9535,-1.27,-522.15618));
#2190 = VECTOR('',#2191,1.);
#2191 = DIRECTION('',(1.,0.,0.));
#2192 = ORIENTED_EDGE('',*,*,#2193,.F.);
#2193 = EDGE_CURVE('',#2177,#2186,#2194,.T.);
#2194 = LINE('',#2195,#2196);
#2195 = CARTESIAN_POINT('',(29.429803291378,-1.27,-527.23618));
#2196 = VECTOR('',#2197,1.);
#2197 = DIRECTION('',(0.,0.,1.));
#2198 = PLANE('',#2199);
#2199 = AXIS2_PLACEMENT_3D('',#2200,#2201,#2202);
#2200 = CARTESIAN_POINT('',(8.9535,-1.27,-527.23618));
#2201 = DIRECTION('',(0.,1.,0.));
#2202 = DIRECTION('',(0.,0.,1.));
#2203 = ADVANCED_FACE('',(#2204,#2275),#2286,.F.);
#2204 = FACE_BOUND('',#2205,.F.);
#2205 = EDGE_LOOP('',(#2206,#2214,#2222,#2228,#2229,#2237,#2245,#2251,
    #2252,#2260,#2268,#2274));
#2206 = ORIENTED_EDGE('',*,*,#2207,.F.);
#2207 = EDGE_CURVE('',#2208,#2042,#2210,.T.);
#2208 = VERTEX_POINT('',#2209);
#2209 = CARTESIAN_POINT('',(8.9535,-1.27,-527.23618));
#2210 = LINE('',#2211,#2212);
#2211 = CARTESIAN_POINT('',(8.9535,-1.27,-527.23618));
#2212 = VECTOR('',#2213,1.);
#2213 = DIRECTION('',(1.,0.,0.));
#2214 = ORIENTED_EDGE('',*,*,#2215,.T.);
#2215 = EDGE_CURVE('',#2208,#2216,#2218,.T.);
#2216 = VERTEX_POINT('',#2217);
#2217 = CARTESIAN_POINT('',(8.9535,1.27,-527.23618));
#2218 = LINE('',#2219,#2220);
#2219 = CARTESIAN_POINT('',(8.9535,-1.27,-527.23618));
#2220 = VECTOR('',#2221,1.);
#2221 = DIRECTION('',(0.,1.,0.));
#2222 = ORIENTED_EDGE('',*,*,#2223,.T.);
#2223 = EDGE_CURVE('',#2216,#2086,#2224,.T.);
#2224 = LINE('',#2225,#2226);
#2225 = CARTESIAN_POINT('',(8.9535,1.27,-527.23618));
#2226 = VECTOR('',#2227,1.);
#2227 = DIRECTION('',(1.,0.,0.));
#2228 = ORIENTED_EDGE('',*,*,#2093,.T.);
#2229 = ORIENTED_EDGE('',*,*,#2230,.F.);
#2230 = EDGE_CURVE('',#2231,#2094,#2233,.T.);
#2231 = VERTEX_POINT('',#2232);
#2232 = CARTESIAN_POINT('',(-5.389147737194,9.550731531961,-527.23618));
#2233 = LINE('',#2234,#2235);
#2234 = CARTESIAN_POINT('',(-5.389147737194,9.550731531961,-527.23618));
#2235 = VECTOR('',#2236,1.);
#2236 = DIRECTION('',(-0.5,0.866025403784,0.));
#2237 = ORIENTED_EDGE('',*,*,#2238,.T.);
#2238 = EDGE_CURVE('',#2231,#2239,#2241,.T.);
#2239 = VERTEX_POINT('',#2240);
#2240 = CARTESIAN_POINT('',(-7.588852262806,8.280731531961,-527.23618));
#2241 = LINE('',#2242,#2243);
#2242 = CARTESIAN_POINT('',(-5.389147737194,9.550731531961,-527.23618));
#2243 = VECTOR('',#2244,1.);
#2244 = DIRECTION('',(-0.866025403784,-0.5,0.));
#2245 = ORIENTED_EDGE('',*,*,#2246,.T.);
#2246 = EDGE_CURVE('',#2239,#2120,#2247,.T.);
#2247 = LINE('',#2248,#2249);
#2248 = CARTESIAN_POINT('',(-7.588852262806,8.280731531961,-527.23618));
#2249 = VECTOR('',#2250,1.);
#2250 = DIRECTION('',(-0.5,0.866025403784,0.));
#2251 = ORIENTED_EDGE('',*,*,#2127,.T.);
#2252 = ORIENTED_EDGE('',*,*,#2253,.F.);
#2253 = EDGE_CURVE('',#2254,#2128,#2256,.T.);
#2254 = VERTEX_POINT('',#2255);
#2255 = CARTESIAN_POINT('',(-7.588852262806,-8.280731531961,-527.23618)
  );
#2256 = LINE('',#2257,#2258);
#2257 = CARTESIAN_POINT('',(-7.588852262806,-8.280731531961,-527.23618)
  );
#2258 = VECTOR('',#2259,1.);
#2259 = DIRECTION('',(-0.5,-0.866025403784,0.));
#2260 = ORIENTED_EDGE('',*,*,#2261,.T.);
#2261 = EDGE_CURVE('',#2254,#2262,#2264,.T.);
#2262 = VERTEX_POINT('',#2263);
#2263 = CARTESIAN_POINT('',(-5.389147737194,-9.550731531961,-527.23618)
  );
#2264 = LINE('',#2265,#2266);
#2265 = CARTESIAN_POINT('',(-7.588852262806,-8.280731531961,-527.23618)
  );
#2266 = VECTOR('',#2267,1.);
#2267 = DIRECTION('',(0.866025403784,-0.5,0.));
#2268 = ORIENTED_EDGE('',*,*,#2269,.T.);
#2269 = EDGE_CURVE('',#2262,#2154,#2270,.T.);
#2270 = LINE('',#2271,#2272);
#2271 = CARTESIAN_POINT('',(-5.389147737194,-9.550731531961,-527.23618)
  );
#2272 = VECTOR('',#2273,1.);
#2273 = DIRECTION('',(-0.5,-0.866025403784,0.));
#2274 = ORIENTED_EDGE('',*,*,#2161,.T.);
#2275 = FACE_BOUND('',#2276,.F.);
#2276 = EDGE_LOOP('',(#2277));
#2277 = ORIENTED_EDGE('',*,*,#2278,.F.);
#2278 = EDGE_CURVE('',#2279,#2279,#2281,.T.);
#2279 = VERTEX_POINT('',#2280);
#2280 = CARTESIAN_POINT('',(5.09105,-1.575520353571E-15,-527.23618));
#2281 = CIRCLE('',#2282,6.43255);
#2282 = AXIS2_PLACEMENT_3D('',#2283,#2284,#2285);
#2283 = CARTESIAN_POINT('',(-1.3415,0.,-527.23618));
#2284 = DIRECTION('',(0.,0.,1.));
#2285 = DIRECTION('',(1.,0.,0.));
#2286 = PLANE('',#2287);
#2287 = AXIS2_PLACEMENT_3D('',#2288,#2289,#2290);
#2288 = CARTESIAN_POINT('',(-1.3415,0.,-527.23618));
#2289 = DIRECTION('',(0.,0.,1.));
#2290 = DIRECTION('',(1.,0.,0.));
#2291 = ADVANCED_FACE('',(#2292),#2317,.T.);
#2292 = FACE_BOUND('',#2293,.T.);
#2293 = EDGE_LOOP('',(#2294,#2302,#2303,#2311));
#2294 = ORIENTED_EDGE('',*,*,#2295,.F.);
#2295 = EDGE_CURVE('',#2154,#2296,#2298,.T.);
#2296 = VERTEX_POINT('',#2297);
#2297 = CARTESIAN_POINT('',(-15.62729938288,-27.28373035789,-527.23618)
  );
#2298 = LINE('',#2299,#2300);
#2299 = CARTESIAN_POINT('',(-5.389147737194,-9.550731531961,-527.23618)
  );
#2300 = VECTOR('',#2301,1.);
#2301 = DIRECTION('',(-0.5,-0.866025403784,0.));
#2302 = ORIENTED_EDGE('',*,*,#2153,.T.);
#2303 = ORIENTED_EDGE('',*,*,#2304,.T.);
#2304 = EDGE_CURVE('',#2145,#2305,#2307,.T.);
#2305 = VERTEX_POINT('',#2306);
#2306 = CARTESIAN_POINT('',(-15.62729938288,-27.28373035788,-522.15618)
  );
#2307 = LINE('',#2308,#2309);
#2308 = CARTESIAN_POINT('',(-5.389147737194,-9.550731531961,-522.15618)
  );
#2309 = VECTOR('',#2310,1.);
#2310 = DIRECTION('',(-0.5,-0.866025403784,0.));
#2311 = ORIENTED_EDGE('',*,*,#2312,.F.);
#2312 = EDGE_CURVE('',#2296,#2305,#2313,.T.);
#2313 = LINE('',#2314,#2315);
#2314 = CARTESIAN_POINT('',(-15.62729938288,-27.28373035788,-527.23618)
  );
#2315 = VECTOR('',#2316,1.);
#2316 = DIRECTION('',(0.,0.,1.));
#2317 = PLANE('',#2318);
#2318 = AXIS2_PLACEMENT_3D('',#2319,#2320,#2321);
#2319 = CARTESIAN_POINT('',(-5.389147737194,-9.550731531961,-527.23618)
  );
#2320 = DIRECTION('',(0.866025403784,-0.5,0.));
#2321 = DIRECTION('',(0.,0.,1.));
#2322 = ADVANCED_FACE('',(#2323),#2342,.T.);
#2323 = FACE_BOUND('',#2324,.T.);
#2324 = EDGE_LOOP('',(#2325,#2326,#2327,#2335));
#2325 = ORIENTED_EDGE('',*,*,#2304,.F.);
#2326 = ORIENTED_EDGE('',*,*,#2144,.F.);
#2327 = ORIENTED_EDGE('',*,*,#2328,.T.);
#2328 = EDGE_CURVE('',#2137,#2329,#2331,.T.);
#2329 = VERTEX_POINT('',#2330);
#2330 = CARTESIAN_POINT('',(-17.82700390849,-26.01373035788,-522.15618)
  );
#2331 = LINE('',#2332,#2333);
#2332 = CARTESIAN_POINT('',(-7.588852262806,-8.280731531961,-522.15618)
  );
#2333 = VECTOR('',#2334,1.);
#2334 = DIRECTION('',(-0.5,-0.866025403784,0.));
#2335 = ORIENTED_EDGE('',*,*,#2336,.T.);
#2336 = EDGE_CURVE('',#2329,#2305,#2337,.T.);
#2337 = CIRCLE('',#2338,30.7975);
#2338 = AXIS2_PLACEMENT_3D('',#2339,#2340,#2341);
#2339 = CARTESIAN_POINT('',(-1.3415,0.,-522.15618));
#2340 = DIRECTION('',(0.,0.,1.));
#2341 = DIRECTION('',(1.,0.,0.));
#2342 = PLANE('',#2343);
#2343 = AXIS2_PLACEMENT_3D('',#2344,#2345,#2346);
#2344 = CARTESIAN_POINT('',(-7.588852262806,-8.280731531961,-522.15618)
  );
#2345 = DIRECTION('',(0.,0.,1.));
#2346 = DIRECTION('',(-0.5,-0.866025403784,0.));
#2347 = ADVANCED_FACE('',(#2348),#2366,.F.);
#2348 = FACE_BOUND('',#2349,.F.);
#2349 = EDGE_LOOP('',(#2350,#2358,#2359,#2360));
#2350 = ORIENTED_EDGE('',*,*,#2351,.F.);
#2351 = EDGE_CURVE('',#2128,#2352,#2354,.T.);
#2352 = VERTEX_POINT('',#2353);
#2353 = CARTESIAN_POINT('',(-17.82700390849,-26.01373035789,-527.23618)
  );
#2354 = LINE('',#2355,#2356);
#2355 = CARTESIAN_POINT('',(-7.588852262806,-8.280731531961,-527.23618)
  );
#2356 = VECTOR('',#2357,1.);
#2357 = DIRECTION('',(-0.5,-0.866025403784,0.));
#2358 = ORIENTED_EDGE('',*,*,#2136,.T.);
#2359 = ORIENTED_EDGE('',*,*,#2328,.T.);
#2360 = ORIENTED_EDGE('',*,*,#2361,.F.);
#2361 = EDGE_CURVE('',#2352,#2329,#2362,.T.);
#2362 = LINE('',#2363,#2364);
#2363 = CARTESIAN_POINT('',(-17.82700390849,-26.01373035788,-527.23618)
  );
#2364 = VECTOR('',#2365,1.);
#2365 = DIRECTION('',(0.,0.,1.));
#2366 = PLANE('',#2367);
#2367 = AXIS2_PLACEMENT_3D('',#2368,#2369,#2370);
#2368 = CARTESIAN_POINT('',(-7.588852262806,-8.280731531961,-527.23618)
  );
#2369 = DIRECTION('',(0.866025403784,-0.5,0.));
#2370 = DIRECTION('',(0.,0.,1.));
#2371 = ADVANCED_FACE('',(#2372),#2397,.T.);
#2372 = FACE_BOUND('',#2373,.T.);
#2373 = EDGE_LOOP('',(#2374,#2382,#2383,#2391));
#2374 = ORIENTED_EDGE('',*,*,#2375,.F.);
#2375 = EDGE_CURVE('',#2120,#2376,#2378,.T.);
#2376 = VERTEX_POINT('',#2377);
#2377 = CARTESIAN_POINT('',(-17.82700390849,26.01373035789,-527.23618));
#2378 = LINE('',#2379,#2380);
#2379 = CARTESIAN_POINT('',(-7.588852262806,8.280731531961,-527.23618));
#2380 = VECTOR('',#2381,1.);
#2381 = DIRECTION('',(-0.5,0.866025403784,0.));
#2382 = ORIENTED_EDGE('',*,*,#2119,.T.);
#2383 = ORIENTED_EDGE('',*,*,#2384,.T.);
#2384 = EDGE_CURVE('',#2111,#2385,#2387,.T.);
#2385 = VERTEX_POINT('',#2386);
#2386 = CARTESIAN_POINT('',(-17.82700390849,26.013730357889,-522.15618)
  );
#2387 = LINE('',#2388,#2389);
#2388 = CARTESIAN_POINT('',(-7.588852262806,8.280731531961,-522.15618));
#2389 = VECTOR('',#2390,1.);
#2390 = DIRECTION('',(-0.5,0.866025403784,0.));
#2391 = ORIENTED_EDGE('',*,*,#2392,.F.);
#2392 = EDGE_CURVE('',#2376,#2385,#2393,.T.);
#2393 = LINE('',#2394,#2395);
#2394 = CARTESIAN_POINT('',(-17.82700390849,26.013730357889,-527.23618)
  );
#2395 = VECTOR('',#2396,1.);
#2396 = DIRECTION('',(0.,0.,1.));
#2397 = PLANE('',#2398);
#2398 = AXIS2_PLACEMENT_3D('',#2399,#2400,#2401);
#2399 = CARTESIAN_POINT('',(-7.588852262806,8.280731531961,-527.23618));
#2400 = DIRECTION('',(-0.866025403784,-0.5,0.));
#2401 = DIRECTION('',(0.,0.,1.));
#2402 = ADVANCED_FACE('',(#2403),#2422,.T.);
#2403 = FACE_BOUND('',#2404,.T.);
#2404 = EDGE_LOOP('',(#2405,#2406,#2407,#2415));
#2405 = ORIENTED_EDGE('',*,*,#2384,.F.);
#2406 = ORIENTED_EDGE('',*,*,#2110,.F.);
#2407 = ORIENTED_EDGE('',*,*,#2408,.T.);
#2408 = EDGE_CURVE('',#2103,#2409,#2411,.T.);
#2409 = VERTEX_POINT('',#2410);
#2410 = CARTESIAN_POINT('',(-15.62729938288,27.283730357889,-522.15618)
  );
#2411 = LINE('',#2412,#2413);
#2412 = CARTESIAN_POINT('',(-5.389147737194,9.550731531961,-522.15618));
#2413 = VECTOR('',#2414,1.);
#2414 = DIRECTION('',(-0.5,0.866025403784,0.));
#2415 = ORIENTED_EDGE('',*,*,#2416,.T.);
#2416 = EDGE_CURVE('',#2409,#2385,#2417,.T.);
#2417 = CIRCLE('',#2418,30.7975);
#2418 = AXIS2_PLACEMENT_3D('',#2419,#2420,#2421);
#2419 = CARTESIAN_POINT('',(-1.3415,0.,-522.15618));
#2420 = DIRECTION('',(0.,0.,1.));
#2421 = DIRECTION('',(1.,0.,0.));
#2422 = PLANE('',#2423);
#2423 = AXIS2_PLACEMENT_3D('',#2424,#2425,#2426);
#2424 = CARTESIAN_POINT('',(-5.389147737194,9.550731531961,-522.15618));
#2425 = DIRECTION('',(0.,0.,1.));
#2426 = DIRECTION('',(-0.5,0.866025403784,0.));
#2427 = ADVANCED_FACE('',(#2428),#2446,.F.);
#2428 = FACE_BOUND('',#2429,.F.);
#2429 = EDGE_LOOP('',(#2430,#2438,#2439,#2440));
#2430 = ORIENTED_EDGE('',*,*,#2431,.F.);
#2431 = EDGE_CURVE('',#2094,#2432,#2434,.T.);
#2432 = VERTEX_POINT('',#2433);
#2433 = CARTESIAN_POINT('',(-15.62729938288,27.28373035789,-527.23618));
#2434 = LINE('',#2435,#2436);
#2435 = CARTESIAN_POINT('',(-5.389147737194,9.550731531961,-527.23618));
#2436 = VECTOR('',#2437,1.);
#2437 = DIRECTION('',(-0.5,0.866025403784,0.));
#2438 = ORIENTED_EDGE('',*,*,#2102,.T.);
#2439 = ORIENTED_EDGE('',*,*,#2408,.T.);
#2440 = ORIENTED_EDGE('',*,*,#2441,.F.);
#2441 = EDGE_CURVE('',#2432,#2409,#2442,.T.);
#2442 = LINE('',#2443,#2444);
#2443 = CARTESIAN_POINT('',(-15.62729938288,27.283730357889,-527.23618)
  );
#2444 = VECTOR('',#2445,1.);
#2445 = DIRECTION('',(0.,0.,1.));
#2446 = PLANE('',#2447);
#2447 = AXIS2_PLACEMENT_3D('',#2448,#2449,#2450);
#2448 = CARTESIAN_POINT('',(-5.389147737194,9.550731531961,-527.23618));
#2449 = DIRECTION('',(-0.866025403784,-0.5,0.));
#2450 = DIRECTION('',(0.,0.,1.));
#2451 = ADVANCED_FACE('',(#2452),#2477,.T.);
#2452 = FACE_BOUND('',#2453,.T.);
#2453 = EDGE_LOOP('',(#2454,#2462,#2463,#2471));
#2454 = ORIENTED_EDGE('',*,*,#2455,.F.);
#2455 = EDGE_CURVE('',#2086,#2456,#2458,.T.);
#2456 = VERTEX_POINT('',#2457);
#2457 = CARTESIAN_POINT('',(29.429803291379,1.27,-527.23618));
#2458 = LINE('',#2459,#2460);
#2459 = CARTESIAN_POINT('',(8.9535,1.27,-527.23618));
#2460 = VECTOR('',#2461,1.);
#2461 = DIRECTION('',(1.,0.,0.));
#2462 = ORIENTED_EDGE('',*,*,#2085,.T.);
#2463 = ORIENTED_EDGE('',*,*,#2464,.T.);
#2464 = EDGE_CURVE('',#2077,#2465,#2467,.T.);
#2465 = VERTEX_POINT('',#2466);
#2466 = CARTESIAN_POINT('',(29.429803291378,1.27,-522.15618));
#2467 = LINE('',#2468,#2469);
#2468 = CARTESIAN_POINT('',(8.9535,1.27,-522.15618));
#2469 = VECTOR('',#2470,1.);
#2470 = DIRECTION('',(1.,0.,0.));
#2471 = ORIENTED_EDGE('',*,*,#2472,.F.);
#2472 = EDGE_CURVE('',#2456,#2465,#2473,.T.);
#2473 = LINE('',#2474,#2475);
#2474 = CARTESIAN_POINT('',(29.429803291378,1.27,-527.23618));
#2475 = VECTOR('',#2476,1.);
#2476 = DIRECTION('',(0.,0.,1.));
#2477 = PLANE('',#2478);
#2478 = AXIS2_PLACEMENT_3D('',#2479,#2480,#2481);
#2479 = CARTESIAN_POINT('',(8.9535,1.27,-527.23618));
#2480 = DIRECTION('',(0.,1.,0.));
#2481 = DIRECTION('',(0.,0.,1.));
#2482 = ADVANCED_FACE('',(#2483),#2505,.T.);
#2483 = FACE_BOUND('',#2484,.T.);
#2484 = EDGE_LOOP('',(#2485,#2486,#2487,#2488,#2489,#2498));
#2485 = ORIENTED_EDGE('',*,*,#2464,.F.);
#2486 = ORIENTED_EDGE('',*,*,#2076,.F.);
#2487 = ORIENTED_EDGE('',*,*,#2051,.F.);
#2488 = ORIENTED_EDGE('',*,*,#2185,.T.);
#2489 = ORIENTED_EDGE('',*,*,#2490,.T.);
#2490 = EDGE_CURVE('',#2186,#2491,#2493,.T.);
#2491 = VERTEX_POINT('',#2492);
#2492 = CARTESIAN_POINT('',(29.456,-7.543211959348E-15,-522.15618));
#2493 = CIRCLE('',#2494,30.7975);
#2494 = AXIS2_PLACEMENT_3D('',#2495,#2496,#2497);
#2495 = CARTESIAN_POINT('',(-1.3415,0.,-522.15618));
#2496 = DIRECTION('',(0.,0.,1.));
#2497 = DIRECTION('',(1.,0.,0.));
#2498 = ORIENTED_EDGE('',*,*,#2499,.T.);
#2499 = EDGE_CURVE('',#2491,#2465,#2500,.T.);
#2500 = CIRCLE('',#2501,30.7975);
#2501 = AXIS2_PLACEMENT_3D('',#2502,#2503,#2504);
#2502 = CARTESIAN_POINT('',(-1.3415,0.,-522.15618));
#2503 = DIRECTION('',(0.,0.,1.));
#2504 = DIRECTION('',(1.,0.,0.));
#2505 = PLANE('',#2506);
#2506 = AXIS2_PLACEMENT_3D('',#2507,#2508,#2509);
#2507 = CARTESIAN_POINT('',(8.9535,-1.27,-522.15618));
#2508 = DIRECTION('',(0.,0.,1.));
#2509 = DIRECTION('',(1.,0.,0.));
#2510 = ADVANCED_FACE('',(#2511,#2514),#2525,.T.);
#2511 = FACE_BOUND('',#2512,.T.);
#2512 = EDGE_LOOP('',(#2513));
#2513 = ORIENTED_EDGE('',*,*,#2068,.T.);
#2514 = FACE_BOUND('',#2515,.T.);
#2515 = EDGE_LOOP('',(#2516));
#2516 = ORIENTED_EDGE('',*,*,#2517,.F.);
#2517 = EDGE_CURVE('',#2518,#2518,#2520,.T.);
#2518 = VERTEX_POINT('',#2519);
#2519 = CARTESIAN_POINT('',(5.09105,-1.575520353571E-15,-515.80618));
#2520 = CIRCLE('',#2521,6.43255);
#2521 = AXIS2_PLACEMENT_3D('',#2522,#2523,#2524);
#2522 = CARTESIAN_POINT('',(-1.3415,0.,-515.80618));
#2523 = DIRECTION('',(0.,0.,1.));
#2524 = DIRECTION('',(1.,0.,0.));
#2525 = PLANE('',#2526);
#2526 = AXIS2_PLACEMENT_3D('',#2527,#2528,#2529);
#2527 = CARTESIAN_POINT('',(-1.3415,0.,-515.80618));
#2528 = DIRECTION('',(0.,0.,1.));
#2529 = DIRECTION('',(1.,0.,0.));
#2530 = ADVANCED_FACE('',(#2531),#2567,.F.);
#2531 = FACE_BOUND('',#2532,.F.);
#2532 = EDGE_LOOP('',(#2533,#2542,#2543,#2552,#2559,#2560));
#2533 = ORIENTED_EDGE('',*,*,#2534,.F.);
#2534 = EDGE_CURVE('',#2042,#2535,#2537,.T.);
#2535 = VERTEX_POINT('',#2536);
#2536 = CARTESIAN_POINT('',(9.4535,-2.644012439359E-15,-527.23618));
#2537 = CIRCLE('',#2538,10.795);
#2538 = AXIS2_PLACEMENT_3D('',#2539,#2540,#2541);
#2539 = CARTESIAN_POINT('',(-1.3415,0.,-527.23618));
#2540 = DIRECTION('',(0.,0.,1.));
#2541 = DIRECTION('',(1.,0.,0.));
#2542 = ORIENTED_EDGE('',*,*,#2176,.T.);
#2543 = ORIENTED_EDGE('',*,*,#2544,.T.);
#2544 = EDGE_CURVE('',#2177,#2545,#2547,.T.);
#2545 = VERTEX_POINT('',#2546);
#2546 = CARTESIAN_POINT('',(29.456,-7.543211959348E-15,-527.23618));
#2547 = CIRCLE('',#2548,30.7975);
#2548 = AXIS2_PLACEMENT_3D('',#2549,#2550,#2551);
#2549 = CARTESIAN_POINT('',(-1.3415,0.,-527.23618));
#2550 = DIRECTION('',(0.,0.,1.));
#2551 = DIRECTION('',(1.,0.,0.));
#2552 = ORIENTED_EDGE('',*,*,#2553,.T.);
#2553 = EDGE_CURVE('',#2545,#2456,#2554,.T.);
#2554 = CIRCLE('',#2555,30.7975);
#2555 = AXIS2_PLACEMENT_3D('',#2556,#2557,#2558);
#2556 = CARTESIAN_POINT('',(-1.3415,0.,-527.23618));
#2557 = DIRECTION('',(0.,0.,1.));
#2558 = DIRECTION('',(1.,0.,0.));
#2559 = ORIENTED_EDGE('',*,*,#2455,.F.);
#2560 = ORIENTED_EDGE('',*,*,#2561,.F.);
#2561 = EDGE_CURVE('',#2535,#2086,#2562,.T.);
#2562 = CIRCLE('',#2563,10.795);
#2563 = AXIS2_PLACEMENT_3D('',#2564,#2565,#2566);
#2564 = CARTESIAN_POINT('',(-1.3415,0.,-527.23618));
#2565 = DIRECTION('',(0.,0.,1.));
#2566 = DIRECTION('',(1.,0.,0.));
#2567 = PLANE('',#2568);
#2568 = AXIS2_PLACEMENT_3D('',#2569,#2570,#2571);
#2569 = CARTESIAN_POINT('',(8.9535,-1.27,-527.23618));
#2570 = DIRECTION('',(0.,0.,1.));
#2571 = DIRECTION('',(1.,0.,0.));
#2572 = ADVANCED_FACE('',(#2573),#2622,.F.);
#2573 = FACE_BOUND('',#2574,.F.);
#2574 = EDGE_LOOP('',(#2575,#2576,#2577,#2585,#2592,#2593,#2594,#2595,
    #2602,#2603,#2604,#2605,#2612,#2613,#2614,#2615));
#2575 = ORIENTED_EDGE('',*,*,#2193,.T.);
#2576 = ORIENTED_EDGE('',*,*,#2490,.T.);
#2577 = ORIENTED_EDGE('',*,*,#2578,.T.);
#2578 = EDGE_CURVE('',#2491,#2579,#2581,.T.);
#2579 = VERTEX_POINT('',#2580);
#2580 = CARTESIAN_POINT('',(29.456,-7.543211959348E-15,-520.20038));
#2581 = LINE('',#2582,#2583);
#2582 = CARTESIAN_POINT('',(29.456,-7.543211959348E-15,-527.23618));
#2583 = VECTOR('',#2584,1.);
#2584 = DIRECTION('',(0.,0.,1.));
#2585 = ORIENTED_EDGE('',*,*,#2586,.F.);
#2586 = EDGE_CURVE('',#2579,#2579,#2587,.T.);
#2587 = CIRCLE('',#2588,30.7975);
#2588 = AXIS2_PLACEMENT_3D('',#2589,#2590,#2591);
#2589 = CARTESIAN_POINT('',(-1.3415,0.,-520.20038));
#2590 = DIRECTION('',(0.,0.,1.));
#2591 = DIRECTION('',(1.,0.,0.));
#2592 = ORIENTED_EDGE('',*,*,#2578,.F.);
#2593 = ORIENTED_EDGE('',*,*,#2499,.T.);
#2594 = ORIENTED_EDGE('',*,*,#2472,.F.);
#2595 = ORIENTED_EDGE('',*,*,#2596,.T.);
#2596 = EDGE_CURVE('',#2456,#2432,#2597,.T.);
#2597 = CIRCLE('',#2598,30.7975);
#2598 = AXIS2_PLACEMENT_3D('',#2599,#2600,#2601);
#2599 = CARTESIAN_POINT('',(-1.3415,0.,-527.23618));
#2600 = DIRECTION('',(0.,0.,1.));
#2601 = DIRECTION('',(1.,0.,0.));
#2602 = ORIENTED_EDGE('',*,*,#2441,.T.);
#2603 = ORIENTED_EDGE('',*,*,#2416,.T.);
#2604 = ORIENTED_EDGE('',*,*,#2392,.F.);
#2605 = ORIENTED_EDGE('',*,*,#2606,.T.);
#2606 = EDGE_CURVE('',#2376,#2352,#2607,.T.);
#2607 = CIRCLE('',#2608,30.7975);
#2608 = AXIS2_PLACEMENT_3D('',#2609,#2610,#2611);
#2609 = CARTESIAN_POINT('',(-1.3415,0.,-527.23618));
#2610 = DIRECTION('',(0.,0.,1.));
#2611 = DIRECTION('',(1.,0.,0.));
#2612 = ORIENTED_EDGE('',*,*,#2361,.T.);
#2613 = ORIENTED_EDGE('',*,*,#2336,.T.);
#2614 = ORIENTED_EDGE('',*,*,#2312,.F.);
#2615 = ORIENTED_EDGE('',*,*,#2616,.T.);
#2616 = EDGE_CURVE('',#2296,#2177,#2617,.T.);
#2617 = CIRCLE('',#2618,30.7975);
#2618 = AXIS2_PLACEMENT_3D('',#2619,#2620,#2621);
#2619 = CARTESIAN_POINT('',(-1.3415,0.,-527.23618));
#2620 = DIRECTION('',(0.,0.,1.));
#2621 = DIRECTION('',(1.,0.,0.));
#2622 = CYLINDRICAL_SURFACE('',#2623,30.7975);
#2623 = AXIS2_PLACEMENT_3D('',#2624,#2625,#2626);
#2624 = CARTESIAN_POINT('',(-1.3415,0.,-527.23618));
#2625 = DIRECTION('',(0.,0.,1.));
#2626 = DIRECTION('',(1.,0.,0.));
#2627 = ADVANCED_FACE('',(#2628),#2635,.F.);
#2628 = FACE_BOUND('',#2629,.F.);
#2629 = EDGE_LOOP('',(#2630,#2631,#2632,#2633,#2634));
#2630 = ORIENTED_EDGE('',*,*,#2534,.T.);
#2631 = ORIENTED_EDGE('',*,*,#2561,.T.);
#2632 = ORIENTED_EDGE('',*,*,#2223,.F.);
#2633 = ORIENTED_EDGE('',*,*,#2215,.F.);
#2634 = ORIENTED_EDGE('',*,*,#2207,.T.);
#2635 = PLANE('',#2636);
#2636 = AXIS2_PLACEMENT_3D('',#2637,#2638,#2639);
#2637 = CARTESIAN_POINT('',(-1.3415,0.,-527.23618));
#2638 = DIRECTION('',(0.,0.,1.));
#2639 = DIRECTION('',(1.,0.,0.));
#2640 = ADVANCED_FACE('',(#2641),#2653,.F.);
#2641 = FACE_BOUND('',#2642,.F.);
#2642 = EDGE_LOOP('',(#2643,#2650,#2651,#2652));
#2643 = ORIENTED_EDGE('',*,*,#2644,.T.);
#2644 = EDGE_CURVE('',#2128,#2154,#2645,.T.);
#2645 = CIRCLE('',#2646,10.795);
#2646 = AXIS2_PLACEMENT_3D('',#2647,#2648,#2649);
#2647 = CARTESIAN_POINT('',(-1.3415,0.,-527.23618));
#2648 = DIRECTION('',(0.,0.,1.));
#2649 = DIRECTION('',(1.,0.,0.));
#2650 = ORIENTED_EDGE('',*,*,#2269,.F.);
#2651 = ORIENTED_EDGE('',*,*,#2261,.F.);
#2652 = ORIENTED_EDGE('',*,*,#2253,.T.);
#2653 = PLANE('',#2654);
#2654 = AXIS2_PLACEMENT_3D('',#2655,#2656,#2657);
#2655 = CARTESIAN_POINT('',(-1.3415,0.,-527.23618));
#2656 = DIRECTION('',(0.,0.,1.));
#2657 = DIRECTION('',(1.,0.,0.));
#2658 = ADVANCED_FACE('',(#2659),#2671,.F.);
#2659 = FACE_BOUND('',#2660,.F.);
#2660 = EDGE_LOOP('',(#2661,#2662,#2669,#2670));
#2661 = ORIENTED_EDGE('',*,*,#2230,.T.);
#2662 = ORIENTED_EDGE('',*,*,#2663,.T.);
#2663 = EDGE_CURVE('',#2094,#2120,#2664,.T.);
#2664 = CIRCLE('',#2665,10.795);
#2665 = AXIS2_PLACEMENT_3D('',#2666,#2667,#2668);
#2666 = CARTESIAN_POINT('',(-1.3415,0.,-527.23618));
#2667 = DIRECTION('',(0.,0.,1.));
#2668 = DIRECTION('',(1.,0.,0.));
#2669 = ORIENTED_EDGE('',*,*,#2246,.F.);
#2670 = ORIENTED_EDGE('',*,*,#2238,.F.);
#2671 = PLANE('',#2672);
#2672 = AXIS2_PLACEMENT_3D('',#2673,#2674,#2675);
#2673 = CARTESIAN_POINT('',(-1.3415,0.,-527.23618));
#2674 = DIRECTION('',(0.,0.,1.));
#2675 = DIRECTION('',(1.,0.,0.));
#2676 = ADVANCED_FACE('',(#2677),#2680,.F.);
#2677 = FACE_BOUND('',#2678,.F.);
#2678 = EDGE_LOOP('',(#2679));
#2679 = ORIENTED_EDGE('',*,*,#2278,.T.);
#2680 = PLANE('',#2681);
#2681 = AXIS2_PLACEMENT_3D('',#2682,#2683,#2684);
#2682 = CARTESIAN_POINT('',(-1.3415,0.,-527.23618));
#2683 = DIRECTION('',(0.,0.,1.));
#2684 = DIRECTION('',(1.,0.,0.));
#2685 = ADVANCED_FACE('',(#2686),#2698,.F.);
#2686 = FACE_BOUND('',#2687,.F.);
#2687 = EDGE_LOOP('',(#2688,#2689,#2690,#2697));
#2688 = ORIENTED_EDGE('',*,*,#2644,.F.);
#2689 = ORIENTED_EDGE('',*,*,#2351,.T.);
#2690 = ORIENTED_EDGE('',*,*,#2691,.T.);
#2691 = EDGE_CURVE('',#2352,#2296,#2692,.T.);
#2692 = CIRCLE('',#2693,30.7975);
#2693 = AXIS2_PLACEMENT_3D('',#2694,#2695,#2696);
#2694 = CARTESIAN_POINT('',(-1.3415,0.,-527.23618));
#2695 = DIRECTION('',(0.,0.,1.));
#2696 = DIRECTION('',(1.,0.,0.));
#2697 = ORIENTED_EDGE('',*,*,#2295,.F.);
#2698 = PLANE('',#2699);
#2699 = AXIS2_PLACEMENT_3D('',#2700,#2701,#2702);
#2700 = CARTESIAN_POINT('',(-7.588852262806,-8.280731531961,-527.23618)
  );
#2701 = DIRECTION('',(0.,0.,1.));
#2702 = DIRECTION('',(-0.5,-0.866025403784,0.));
#2703 = ADVANCED_FACE('',(#2704),#2716,.F.);
#2704 = FACE_BOUND('',#2705,.F.);
#2705 = EDGE_LOOP('',(#2706,#2707,#2708,#2715));
#2706 = ORIENTED_EDGE('',*,*,#2663,.F.);
#2707 = ORIENTED_EDGE('',*,*,#2431,.T.);
#2708 = ORIENTED_EDGE('',*,*,#2709,.T.);
#2709 = EDGE_CURVE('',#2432,#2376,#2710,.T.);
#2710 = CIRCLE('',#2711,30.7975);
#2711 = AXIS2_PLACEMENT_3D('',#2712,#2713,#2714);
#2712 = CARTESIAN_POINT('',(-1.3415,0.,-527.23618));
#2713 = DIRECTION('',(0.,0.,1.));
#2714 = DIRECTION('',(1.,0.,0.));
#2715 = ORIENTED_EDGE('',*,*,#2375,.F.);
#2716 = PLANE('',#2717);
#2717 = AXIS2_PLACEMENT_3D('',#2718,#2719,#2720);
#2718 = CARTESIAN_POINT('',(-5.389147737194,9.550731531961,-527.23618));
#2719 = DIRECTION('',(0.,0.,1.));
#2720 = DIRECTION('',(-0.5,0.866025403784,0.));
#2721 = ADVANCED_FACE('',(#2722),#2741,.T.);
#2722 = FACE_BOUND('',#2723,.T.);
#2723 = EDGE_LOOP('',(#2724,#2732,#2739,#2740));
#2724 = ORIENTED_EDGE('',*,*,#2725,.T.);
#2725 = EDGE_CURVE('',#2518,#2726,#2728,.T.);
#2726 = VERTEX_POINT('',#2727);
#2727 = CARTESIAN_POINT('',(5.09105,-1.575520353571E-15,-449.76618));
#2728 = LINE('',#2729,#2730);
#2729 = CARTESIAN_POINT('',(5.09105,-1.575520353571E-15,-527.23618));
#2730 = VECTOR('',#2731,1.);
#2731 = DIRECTION('',(0.,0.,1.));
#2732 = ORIENTED_EDGE('',*,*,#2733,.F.);
#2733 = EDGE_CURVE('',#2726,#2726,#2734,.T.);
#2734 = CIRCLE('',#2735,6.43255);
#2735 = AXIS2_PLACEMENT_3D('',#2736,#2737,#2738);
#2736 = CARTESIAN_POINT('',(-1.3415,0.,-449.76618));
#2737 = DIRECTION('',(0.,0.,1.));
#2738 = DIRECTION('',(1.,0.,0.));
#2739 = ORIENTED_EDGE('',*,*,#2725,.F.);
#2740 = ORIENTED_EDGE('',*,*,#2517,.T.);
#2741 = CYLINDRICAL_SURFACE('',#2742,6.43255);
#2742 = AXIS2_PLACEMENT_3D('',#2743,#2744,#2745);
#2743 = CARTESIAN_POINT('',(-1.3415,0.,-527.23618));
#2744 = DIRECTION('',(0.,0.,1.));
#2745 = DIRECTION('',(1.,0.,0.));
#2746 = ADVANCED_FACE('',(#2747),#2773,.F.);
#2747 = FACE_BOUND('',#2748,.F.);
#2748 = EDGE_LOOP('',(#2749,#2750,#2751,#2759,#2767));
#2749 = ORIENTED_EDGE('',*,*,#2553,.F.);
#2750 = ORIENTED_EDGE('',*,*,#2544,.F.);
#2751 = ORIENTED_EDGE('',*,*,#2752,.T.);
#2752 = EDGE_CURVE('',#2177,#2753,#2755,.T.);
#2753 = VERTEX_POINT('',#2754);
#2754 = CARTESIAN_POINT('',(29.956,-1.27,-527.23618));
#2755 = LINE('',#2756,#2757);
#2756 = CARTESIAN_POINT('',(8.9535,-1.27,-527.23618));
#2757 = VECTOR('',#2758,1.);
#2758 = DIRECTION('',(1.,0.,0.));
#2759 = ORIENTED_EDGE('',*,*,#2760,.T.);
#2760 = EDGE_CURVE('',#2753,#2761,#2763,.T.);
#2761 = VERTEX_POINT('',#2762);
#2762 = CARTESIAN_POINT('',(29.956,1.27,-527.23618));
#2763 = LINE('',#2764,#2765);
#2764 = CARTESIAN_POINT('',(29.956,-1.27,-527.23618));
#2765 = VECTOR('',#2766,1.);
#2766 = DIRECTION('',(0.,1.,0.));
#2767 = ORIENTED_EDGE('',*,*,#2768,.F.);
#2768 = EDGE_CURVE('',#2456,#2761,#2769,.T.);
#2769 = LINE('',#2770,#2771);
#2770 = CARTESIAN_POINT('',(8.9535,1.27,-527.23618));
#2771 = VECTOR('',#2772,1.);
#2772 = DIRECTION('',(1.,0.,0.));
#2773 = PLANE('',#2774);
#2774 = AXIS2_PLACEMENT_3D('',#2775,#2776,#2777);
#2775 = CARTESIAN_POINT('',(-1.3415,0.,-527.23618));
#2776 = DIRECTION('',(0.,0.,1.));
#2777 = DIRECTION('',(1.,0.,0.));
#2778 = ADVANCED_FACE('',(#2779,#2790),#2842,.F.);
#2779 = FACE_BOUND('',#2780,.F.);
#2780 = EDGE_LOOP('',(#2781));
#2781 = ORIENTED_EDGE('',*,*,#2782,.T.);
#2782 = EDGE_CURVE('',#2783,#2783,#2785,.T.);
#2783 = VERTEX_POINT('',#2784);
#2784 = CARTESIAN_POINT('',(32.9866,-8.407959557162E-15,-527.23618));
#2785 = CIRCLE('',#2786,34.3281);
#2786 = AXIS2_PLACEMENT_3D('',#2787,#2788,#2789);
#2787 = CARTESIAN_POINT('',(-1.3415,0.,-527.23618));
#2788 = DIRECTION('',(0.,0.,1.));
#2789 = DIRECTION('',(1.,0.,0.));
#2790 = FACE_BOUND('',#2791,.F.);
#2791 = EDGE_LOOP('',(#2792,#2793,#2794,#2795,#2796,#2797,#2805,#2813,
    #2819,#2820,#2828,#2836));
#2792 = ORIENTED_EDGE('',*,*,#2596,.F.);
#2793 = ORIENTED_EDGE('',*,*,#2768,.T.);
#2794 = ORIENTED_EDGE('',*,*,#2760,.F.);
#2795 = ORIENTED_EDGE('',*,*,#2752,.F.);
#2796 = ORIENTED_EDGE('',*,*,#2616,.F.);
#2797 = ORIENTED_EDGE('',*,*,#2798,.T.);
#2798 = EDGE_CURVE('',#2296,#2799,#2801,.T.);
#2799 = VERTEX_POINT('',#2800);
#2800 = CARTESIAN_POINT('',(-15.89039773719,-27.73943007494,-527.23618)
  );
#2801 = LINE('',#2802,#2803);
#2802 = CARTESIAN_POINT('',(-5.389147737194,-9.550731531961,-527.23618)
  );
#2803 = VECTOR('',#2804,1.);
#2804 = DIRECTION('',(-0.5,-0.866025403784,0.));
#2805 = ORIENTED_EDGE('',*,*,#2806,.F.);
#2806 = EDGE_CURVE('',#2807,#2799,#2809,.T.);
#2807 = VERTEX_POINT('',#2808);
#2808 = CARTESIAN_POINT('',(-18.0901022628,-26.46943007494,-527.23618));
#2809 = LINE('',#2810,#2811);
#2810 = CARTESIAN_POINT('',(-18.0901022628,-26.46943007494,-527.23618));
#2811 = VECTOR('',#2812,1.);
#2812 = DIRECTION('',(0.866025403784,-0.5,0.));
#2813 = ORIENTED_EDGE('',*,*,#2814,.F.);
#2814 = EDGE_CURVE('',#2352,#2807,#2815,.T.);
#2815 = LINE('',#2816,#2817);
#2816 = CARTESIAN_POINT('',(-7.588852262806,-8.280731531961,-527.23618)
  );
#2817 = VECTOR('',#2818,1.);
#2818 = DIRECTION('',(-0.5,-0.866025403784,0.));
#2819 = ORIENTED_EDGE('',*,*,#2606,.F.);
#2820 = ORIENTED_EDGE('',*,*,#2821,.T.);
#2821 = EDGE_CURVE('',#2376,#2822,#2824,.T.);
#2822 = VERTEX_POINT('',#2823);
#2823 = CARTESIAN_POINT('',(-18.0901022628,26.469430074943,-527.23618));
#2824 = LINE('',#2825,#2826);
#2825 = CARTESIAN_POINT('',(-7.588852262806,8.280731531961,-527.23618));
#2826 = VECTOR('',#2827,1.);
#2827 = DIRECTION('',(-0.5,0.866025403784,0.));
#2828 = ORIENTED_EDGE('',*,*,#2829,.F.);
#2829 = EDGE_CURVE('',#2830,#2822,#2832,.T.);
#2830 = VERTEX_POINT('',#2831);
#2831 = CARTESIAN_POINT('',(-15.89039773719,27.739430074943,-527.23618)
  );
#2832 = LINE('',#2833,#2834);
#2833 = CARTESIAN_POINT('',(-15.89039773719,27.739430074943,-527.23618)
  );
#2834 = VECTOR('',#2835,1.);
#2835 = DIRECTION('',(-0.866025403784,-0.5,0.));
#2836 = ORIENTED_EDGE('',*,*,#2837,.F.);
#2837 = EDGE_CURVE('',#2432,#2830,#2838,.T.);
#2838 = LINE('',#2839,#2840);
#2839 = CARTESIAN_POINT('',(-5.389147737194,9.550731531961,-527.23618));
#2840 = VECTOR('',#2841,1.);
#2841 = DIRECTION('',(-0.5,0.866025403784,0.));
#2842 = PLANE('',#2843);
#2843 = AXIS2_PLACEMENT_3D('',#2844,#2845,#2846);
#2844 = CARTESIAN_POINT('',(-1.3415,0.,-527.23618));
#2845 = DIRECTION('',(0.,0.,1.));
#2846 = DIRECTION('',(1.,0.,0.));
#2847 = ADVANCED_FACE('',(#2848,#2859),#2862,.T.);
#2848 = FACE_BOUND('',#2849,.T.);
#2849 = EDGE_LOOP('',(#2850));
#2850 = ORIENTED_EDGE('',*,*,#2851,.T.);
#2851 = EDGE_CURVE('',#2852,#2852,#2854,.T.);
#2852 = VERTEX_POINT('',#2853);
#2853 = CARTESIAN_POINT('',(32.9866,-8.407959557162E-15,-520.20038));
#2854 = CIRCLE('',#2855,34.3281);
#2855 = AXIS2_PLACEMENT_3D('',#2856,#2857,#2858);
#2856 = CARTESIAN_POINT('',(-1.3415,0.,-520.20038));
#2857 = DIRECTION('',(0.,0.,1.));
#2858 = DIRECTION('',(1.,0.,0.));
#2859 = FACE_BOUND('',#2860,.T.);
#2860 = EDGE_LOOP('',(#2861));
#2861 = ORIENTED_EDGE('',*,*,#2586,.F.);
#2862 = PLANE('',#2863);
#2863 = AXIS2_PLACEMENT_3D('',#2864,#2865,#2866);
#2864 = CARTESIAN_POINT('',(-1.3415,0.,-520.20038));
#2865 = DIRECTION('',(0.,0.,1.));
#2866 = DIRECTION('',(1.,0.,0.));
#2867 = ADVANCED_FACE('',(#2868),#2874,.F.);
#2868 = FACE_BOUND('',#2869,.F.);
#2869 = EDGE_LOOP('',(#2870,#2871,#2872,#2873));
#2870 = ORIENTED_EDGE('',*,*,#2798,.F.);
#2871 = ORIENTED_EDGE('',*,*,#2691,.F.);
#2872 = ORIENTED_EDGE('',*,*,#2814,.T.);
#2873 = ORIENTED_EDGE('',*,*,#2806,.T.);
#2874 = PLANE('',#2875);
#2875 = AXIS2_PLACEMENT_3D('',#2876,#2877,#2878);
#2876 = CARTESIAN_POINT('',(-1.3415,0.,-527.23618));
#2877 = DIRECTION('',(0.,0.,1.));
#2878 = DIRECTION('',(1.,0.,0.));
#2879 = ADVANCED_FACE('',(#2880),#2886,.F.);
#2880 = FACE_BOUND('',#2881,.F.);
#2881 = EDGE_LOOP('',(#2882,#2883,#2884,#2885));
#2882 = ORIENTED_EDGE('',*,*,#2709,.F.);
#2883 = ORIENTED_EDGE('',*,*,#2837,.T.);
#2884 = ORIENTED_EDGE('',*,*,#2829,.T.);
#2885 = ORIENTED_EDGE('',*,*,#2821,.F.);
#2886 = PLANE('',#2887);
#2887 = AXIS2_PLACEMENT_3D('',#2888,#2889,#2890);
#2888 = CARTESIAN_POINT('',(-1.3415,0.,-527.23618));
#2889 = DIRECTION('',(0.,0.,1.));
#2890 = DIRECTION('',(1.,0.,0.));
#2891 = ADVANCED_FACE('',(#2892,#2895),#2906,.T.);
#2892 = FACE_BOUND('',#2893,.T.);
#2893 = EDGE_LOOP('',(#2894));
#2894 = ORIENTED_EDGE('',*,*,#2733,.T.);
#2895 = FACE_BOUND('',#2896,.T.);
#2896 = EDGE_LOOP('',(#2897));
#2897 = ORIENTED_EDGE('',*,*,#2898,.F.);
#2898 = EDGE_CURVE('',#2899,#2899,#2901,.T.);
#2899 = VERTEX_POINT('',#2900);
#2900 = CARTESIAN_POINT('',(2.22085,-8.725241049885E-16,-449.76618));
#2901 = CIRCLE('',#2902,3.56235);
#2902 = AXIS2_PLACEMENT_3D('',#2903,#2904,#2905);
#2903 = CARTESIAN_POINT('',(-1.3415,0.,-449.76618));
#2904 = DIRECTION('',(0.,0.,1.));
#2905 = DIRECTION('',(1.,0.,0.));
#2906 = PLANE('',#2907);
#2907 = AXIS2_PLACEMENT_3D('',#2908,#2909,#2910);
#2908 = CARTESIAN_POINT('',(-1.3415,0.,-449.76618));
#2909 = DIRECTION('',(0.,0.,1.));
#2910 = DIRECTION('',(1.,0.,0.));
#2911 = ADVANCED_FACE('',(#2912,#2992,#3049),#3106,.T.);
#2912 = FACE_BOUND('',#2913,.T.);
#2913 = EDGE_LOOP('',(#2914,#2922,#2953,#2959,#2960,#2961,#2990,#2991));
#2914 = ORIENTED_EDGE('',*,*,#2915,.F.);
#2915 = EDGE_CURVE('',#2916,#2852,#2918,.T.);
#2916 = VERTEX_POINT('',#2917);
#2917 = CARTESIAN_POINT('',(32.9866,-8.407959557162E-15,-522.13078));
#2918 = LINE('',#2919,#2920);
#2919 = CARTESIAN_POINT('',(32.9866,-8.407959557162E-15,-527.23618));
#2920 = VECTOR('',#2921,1.);
#2921 = DIRECTION('',(0.,0.,1.));
#2922 = ORIENTED_EDGE('',*,*,#2923,.F.);
#2923 = EDGE_CURVE('',#2924,#2916,#2926,.T.);
#2924 = VERTEX_POINT('',#2925);
#2925 = CARTESIAN_POINT('',(32.9866,-4.398392457946E-15,-525.30578));
#2926 = B_SPLINE_CURVE_WITH_KNOTS('',7,(#2927,#2928,#2929,#2930,#2931,
    #2932,#2933,#2934,#2935,#2936,#2937,#2938,#2939,#2940,#2941,#2942,
    #2943,#2944,#2945,#2946,#2947,#2948,#2949,#2950,#2951,#2952),
  .UNSPECIFIED.,.F.,.F.,(8,6,6,6,8),(0.,0.257678620727,0.500047570181,
    0.742382573218,1.),.UNSPECIFIED.);
#2927 = CARTESIAN_POINT('',(32.9866,-8.994043000016E-16,-525.30578));
#2928 = CARTESIAN_POINT('',(32.9866,0.217301758644,-525.30578));
#2929 = CARTESIAN_POINT('',(32.98499517393,0.429207324993,
    -525.2710778684));
#2930 = CARTESIAN_POINT('',(32.981929121381,0.629224197821,
    -525.204774003));
#2931 = CARTESIAN_POINT('',(32.977826621344,0.81189791345,
    -525.1113035938));
#2932 = CARTESIAN_POINT('',(32.973284539144,0.973060127452,
    -524.9963493284));
#2933 = CARTESIAN_POINT('',(32.968827531931,1.110246242662,
    -524.8667158591));
#2934 = CARTESIAN_POINT('',(32.961012797107,1.329422896539,
    -524.6017767965));
#2935 = CARTESIAN_POINT('',(32.957518697679,1.416642583298,
    -524.4643232762));
#2936 = CARTESIAN_POINT('',(32.954542406842,1.485502565483,
    -524.3206022389));
#2937 = CARTESIAN_POINT('',(32.952227968884,1.536640925536,
    -524.1726424418));
#2938 = CARTESIAN_POINT('',(32.9506582416,1.570547797886,-524.0220416717
    ));
#2939 = CARTESIAN_POINT('',(32.949873453975,1.5875,-523.8701593568));
#2940 = CARTESIAN_POINT('',(32.949873453975,1.5875,-523.5664219155));
#2941 = CARTESIAN_POINT('',(32.950658020331,1.57055256015,
    -523.4145356122));
#2942 = CARTESIAN_POINT('',(32.952227782956,1.536644996982,
    -523.2639209851));
#2943 = CARTESIAN_POINT('',(32.954542491681,1.485501275792,
    -523.1159496594));
#2944 = CARTESIAN_POINT('',(32.95751897629,1.416636143789,
    -522.9722248882));
#2945 = CARTESIAN_POINT('',(32.961013038,1.32941614031,-522.8347750366)
  );
#2946 = CARTESIAN_POINT('',(32.968826883479,1.110264429543,
    -522.569866125));
#2947 = CARTESIAN_POINT('',(32.973283963889,0.97308021485,
    -522.4402232671));
#2948 = CARTESIAN_POINT('',(32.977826739575,0.811901413719,
    -522.3252499998));
#2949 = CARTESIAN_POINT('',(32.981929956035,0.629199962238,
    -522.231767905));
#2950 = CARTESIAN_POINT('',(32.984995833212,0.429159847795,
    -522.1654678904));
#2951 = CARTESIAN_POINT('',(32.9866,0.217257177117,-522.13078));
#2952 = CARTESIAN_POINT('',(32.9866,1.701602260321E-15,-522.13078));
#2953 = ORIENTED_EDGE('',*,*,#2954,.F.);
#2954 = EDGE_CURVE('',#2783,#2924,#2955,.T.);
#2955 = LINE('',#2956,#2957);
#2956 = CARTESIAN_POINT('',(32.9866,-8.407959557162E-15,-527.23618));
#2957 = VECTOR('',#2958,1.);
#2958 = DIRECTION('',(0.,0.,1.));
#2959 = ORIENTED_EDGE('',*,*,#2782,.T.);
#2960 = ORIENTED_EDGE('',*,*,#2954,.T.);
#2961 = ORIENTED_EDGE('',*,*,#2962,.F.);
#2962 = EDGE_CURVE('',#2916,#2924,#2963,.T.);
#2963 = B_SPLINE_CURVE_WITH_KNOTS('',7,(#2964,#2965,#2966,#2967,#2968,
    #2969,#2970,#2971,#2972,#2973,#2974,#2975,#2976,#2977,#2978,#2979,
    #2980,#2981,#2982,#2983,#2984,#2985,#2986,#2987,#2988,#2989),
  .UNSPECIFIED.,.F.,.F.,(8,6,6,6,8),(0.,0.257907317855,0.500041496265,
    0.742405599508,1.),.UNSPECIFIED.);
#2964 = CARTESIAN_POINT('',(32.9866,-2.442490654175E-15,-522.13078));
#2965 = CARTESIAN_POINT('',(32.9866,-0.217301758644,-522.13078));
#2966 = CARTESIAN_POINT('',(32.98499517393,-0.429207324993,
    -522.1654821315));
#2967 = CARTESIAN_POINT('',(32.981929121381,-0.62922419782,
    -522.2317859969));
#2968 = CARTESIAN_POINT('',(32.977826621344,-0.811897913451,
    -522.3252564061));
#2969 = CARTESIAN_POINT('',(32.973284539144,-0.973060127452,
    -522.4402106715));
#2970 = CARTESIAN_POINT('',(32.968827531931,-1.110246242662,
    -522.5698441408));
#2971 = CARTESIAN_POINT('',(32.961019821595,-1.329225883592,
    -522.8345450557));
#2972 = CARTESIAN_POINT('',(32.957523674675,-1.416543011435,
    -522.9719977817));
#2973 = CARTESIAN_POINT('',(32.954541443806,-1.48552885125,
    -523.115895587));
#2974 = CARTESIAN_POINT('',(32.952224782501,-1.536709559102,
    -523.2640531558));
#2975 = CARTESIAN_POINT('',(32.95065653618,-1.57058467784,
    -523.4147442097));
#2976 = CARTESIAN_POINT('',(32.949873453975,-1.5875,-523.5665659795));
#2977 = CARTESIAN_POINT('',(32.949873453975,-1.5875,-523.8701380844));
#2978 = CARTESIAN_POINT('',(32.950658020331,-1.57055256015,
    -524.0220243878));
#2979 = CARTESIAN_POINT('',(32.952227782956,-1.536644996982,
    -524.1726390148));
#2980 = CARTESIAN_POINT('',(32.954542491681,-1.485501275792,
    -524.3206103406));
#2981 = CARTESIAN_POINT('',(32.95751897629,-1.416636143789,
    -524.4643351117));
#2982 = CARTESIAN_POINT('',(32.961013038,-1.32941614031,-524.6017849634)
  );
#2983 = CARTESIAN_POINT('',(32.968826040204,-1.110288080529,
    -524.8666652858));
#2984 = CARTESIAN_POINT('',(32.973283412612,-0.973100736687,
    -524.9963270929));
#2985 = CARTESIAN_POINT('',(32.977827212937,-0.81189518167,
    -525.1113250182));
#2986 = CARTESIAN_POINT('',(32.981931103033,-0.62915963789,
    -525.2048167337));
#2987 = CARTESIAN_POINT('',(32.984996570313,-0.429099093164,
    -525.2711080853));
#2988 = CARTESIAN_POINT('',(32.9866,-0.217207135065,-525.30578));
#2989 = CARTESIAN_POINT('',(32.9866,-5.107025913276E-15,-525.30578));
#2990 = ORIENTED_EDGE('',*,*,#2915,.T.);
#2991 = ORIENTED_EDGE('',*,*,#2851,.F.);
#2992 = FACE_BOUND('',#2993,.T.);
#2993 = EDGE_LOOP('',(#2994));
#2994 = ORIENTED_EDGE('',*,*,#2995,.F.);
#2995 = EDGE_CURVE('',#2996,#2996,#2998,.T.);
#2996 = VERTEX_POINT('',#2997);
#2997 = CARTESIAN_POINT('',(-18.50555,-29.72900666365,-525.30578));
#2998 = B_SPLINE_CURVE_WITH_KNOTS('',7,(#2999,#3000,#3001,#3002,#3003,
    #3004,#3005,#3006,#3007,#3008,#3009,#3010,#3011,#3012,#3013,#3014,
    #3015,#3016,#3017,#3018,#3019,#3020,#3021,#3022,#3023,#3024,#3025,
    #3026,#3027,#3028,#3029,#3030,#3031,#3032,#3033,#3034,#3035,#3036,
    #3037,#3038,#3039,#3040,#3041,#3042,#3043,#3044,#3045,#3046,#3047,
    #3048),.UNSPECIFIED.,.T.,.F.,(1,7,6,6,6,6,6,6,6,7,1),(
    -0.107919425033,0.,0.142388534147,0.276317221509,0.443779130624,
    0.590477059666,0.685742421094,0.790541897842,0.892080574967,1.,
    1.142388534147),.UNSPECIFIED.);
#2999 = CARTESIAN_POINT('',(-18.50555,-29.72900666365,-525.30578));
#3000 = CARTESIAN_POINT('',(-18.31736115672,-29.83765754297,-525.30578)
  );
#3001 = CARTESIAN_POINT('',(-18.13304314003,-29.942220506,
    -525.2710778684));
#3002 = CARTESIAN_POINT('',(-17.9582904207,-30.03957366302,
    -525.204774003));
#3003 = CARTESIAN_POINT('',(-17.79803909234,-30.12735765158,
    -525.1113035938));
#3004 = CARTESIAN_POINT('',(-17.65619747978,-30.20400520001,
    -524.9963493284));
#3005 = CARTESIAN_POINT('',(-17.53516231536,-30.26873837614,
    -524.8667158591));
#3006 = CARTESIAN_POINT('',(-17.34144239777,-30.3715589442,
    -524.6017767965));
#3007 = CARTESIAN_POINT('',(-17.26416088362,-30.41214280871,
    -524.4643232762));
#3008 = CARTESIAN_POINT('',(-17.20303824432,-30.44399525633,
    -524.3206022389));
#3009 = CARTESIAN_POINT('',(-17.15759390643,-30.46756007429,
    -524.1726424418));
#3010 = CARTESIAN_POINT('',(-17.12744482997,-30.48315408676,
    -524.0220416717));
#3011 = CARTESIAN_POINT('',(-17.11237139848,-30.4909505418,
    -523.8701593568));
#3012 = CARTESIAN_POINT('',(-17.11237139848,-30.4909505418,
    -523.5283729117));
#3013 = CARTESIAN_POINT('',(-17.13593729326,-30.47876145669,
    -523.3385177788));
#3014 = CARTESIAN_POINT('',(-17.18305265898,-30.45439227511,
    -523.151090757));
#3015 = CARTESIAN_POINT('',(-17.25431573585,-30.41738642252,
    -522.9687814555));
#3016 = CARTESIAN_POINT('',(-17.3506509891,-30.36697928757,
    -522.7950808368));
#3017 = CARTESIAN_POINT('',(-17.47301319343,-30.3021661659,
    -522.6347935203));
#3018 = CARTESIAN_POINT('',(-17.75204633766,-30.15185436814,
    -522.3727090604));
#3019 = CARTESIAN_POINT('',(-17.90689494819,-30.06759324512,
    -522.2620728913));
#3020 = CARTESIAN_POINT('',(-18.08292444568,-29.97049792302,
    -522.1755619453));
#3021 = CARTESIAN_POINT('',(-18.27347913401,-29.86351452611,
    -522.1217071623));
#3022 = CARTESIAN_POINT('',(-18.46994637799,-29.75096576974,
    -522.1050856482));
#3023 = CARTESIAN_POINT('',(-18.66347897218,-29.63802745184,
    -522.126084496));
#3024 = CARTESIAN_POINT('',(-18.96505255131,-29.45925825765,
    -522.2160917162));
#3025 = CARTESIAN_POINT('',(-19.0802712135,-29.39020535052,
    -522.2659833802));
#3026 = CARTESIAN_POINT('',(-19.19043242417,-29.32347025033,
    -522.3298572923));
#3027 = CARTESIAN_POINT('',(-19.29410702151,-29.2600301931,
    -522.4069647028));
#3028 = CARTESIAN_POINT('',(-19.38998951686,-29.20083137598,
    -522.4962917065));
#3029 = CARTESIAN_POINT('',(-19.47692678222,-29.14674946815,
    -522.5965818119));
#3030 = CARTESIAN_POINT('',(-19.63871040579,-29.04549081087,
    -522.8271445156));
#3031 = CARTESIAN_POINT('',(-19.71148783395,-28.99953953745,
    -522.9594318541));
#3032 = CARTESIAN_POINT('',(-19.77102139041,-28.96167693422,
    -523.101290533));
#3033 = CARTESIAN_POINT('',(-19.81634272907,-28.93270796801,
    -523.2505364333));
#3034 = CARTESIAN_POINT('',(-19.84678545442,-28.91320080621,
    -523.4047890195));
#3035 = CARTESIAN_POINT('',(-19.86200205549,-28.9034505418,
    -523.5615451651));
#3036 = CARTESIAN_POINT('',(-19.86200205549,-28.9034505418,
    -523.8701380844));
#3037 = CARTESIAN_POINT('',(-19.84771742523,-28.91260371612,
    -524.0220243878));
#3038 = CARTESIAN_POINT('',(-19.81913749546,-28.93091695201,
    -524.1726390148));
#3039 = CARTESIAN_POINT('',(-19.77600308803,-28.95849340917,
    -524.3206103406));
#3040 = CARTESIAN_POINT('',(-19.71785237658,-28.99550368645,
    -524.4643351117));
#3041 = CARTESIAN_POINT('',(-19.6440646687,-29.0421396344,
    -524.6017849634));
#3042 = CARTESIAN_POINT('',(-19.45820070332,-29.1584699227,
    -524.8666652858));
#3043 = CARTESIAN_POINT('',(-19.3416216647,-29.23092379234,
    -524.9963270929));
#3044 = CARTESIAN_POINT('',(-19.20428545904,-29.31546161633,
    -525.1113250182));
#3045 = CARTESIAN_POINT('',(-19.048083781,-29.4103834613,-525.2048167337
    ));
#3046 = CARTESIAN_POINT('',(-18.87635900057,-29.51306850623,
    -525.2711080853));
#3047 = CARTESIAN_POINT('',(-18.69365689679,-29.62040309615,-525.30578)
  );
#3048 = CARTESIAN_POINT('',(-18.50555,-29.72900666365,-525.30578));
#3049 = FACE_BOUND('',#3050,.T.);
#3050 = EDGE_LOOP('',(#3051));
#3051 = ORIENTED_EDGE('',*,*,#3052,.F.);
#3052 = EDGE_CURVE('',#3053,#3053,#3055,.T.);
#3053 = VERTEX_POINT('',#3054);
#3054 = CARTESIAN_POINT('',(-18.50555,29.729006663653,-525.30578));
#3055 = B_SPLINE_CURVE_WITH_KNOTS('',7,(#3056,#3057,#3058,#3059,#3060,
    #3061,#3062,#3063,#3064,#3065,#3066,#3067,#3068,#3069,#3070,#3071,
    #3072,#3073,#3074,#3075,#3076,#3077,#3078,#3079,#3080,#3081,#3082,
    #3083,#3084,#3085,#3086,#3087,#3088,#3089,#3090,#3091,#3092,#3093,
    #3094,#3095,#3096,#3097,#3098,#3099,#3100,#3101,#3102,#3103,#3104,
    #3105),.UNSPECIFIED.,.T.,.F.,(1,7,6,6,6,6,6,6,6,7,1),(
    -0.107919429352,0.,0.142388533113,0.276317219505,0.443779127404,
    0.59047705522,0.685742415943,0.790541891931,0.892080570648,1.,
    1.142388533113),.UNSPECIFIED.);
#3056 = CARTESIAN_POINT('',(-18.50555,29.729006663653,-525.30578));
#3057 = CARTESIAN_POINT('',(-18.69373884327,29.620355784331,-525.30578)
  );
#3058 = CARTESIAN_POINT('',(-18.87645203389,29.513013181011,
    -525.2710778684));
#3059 = CARTESIAN_POINT('',(-19.04813870067,29.4103494652,-525.204774003
    ));
#3060 = CARTESIAN_POINT('',(-19.204287529,29.315459738134,
    -525.1113035938));
#3061 = CARTESIAN_POINT('',(-19.34158705935,29.230945072562,
    -524.9963493284));
#3062 = CARTESIAN_POINT('',(-19.45816521656,29.158492133486,
    -524.8667158591));
#3063 = CARTESIAN_POINT('',(-19.64407039932,29.042136047666,
    -524.6017767965));
#3064 = CARTESIAN_POINT('',(-19.71785781405,28.995500225419,
    -524.4643232762));
#3065 = CARTESIAN_POINT('',(-19.77600416251,28.958492690852,
    -524.3206022389));
#3066 = CARTESIAN_POINT('',(-19.81913406245,28.930919148759,
    -524.1726424418));
#3067 = CARTESIAN_POINT('',(-19.84771341162,28.912606288878,
    -524.0220416717));
#3068 = CARTESIAN_POINT('',(-19.86200205549,28.903450541802,
    -523.8701593568));
#3069 = CARTESIAN_POINT('',(-19.86200205549,28.903450541802,
    -523.5283729117));
#3070 = CARTESIAN_POINT('',(-19.83966305075,28.9177646628,
    -523.3385177788));
#3071 = CARTESIAN_POINT('',(-19.79500103757,28.946383175629,
    -523.151090757));
#3072 = CARTESIAN_POINT('',(-19.7273214907,28.989595884252,
    -522.9687814555));
#3073 = CARTESIAN_POINT('',(-19.63550000468,29.047821093369,
    -522.7950808368));
#3074 = CARTESIAN_POINT('',(-19.51818909265,29.121383309947,
    -522.6347935203));
#3075 = CARTESIAN_POINT('',(-19.24849868532,29.287877202389,
    -522.3727090606));
#3076 = CARTESIAN_POINT('',(-19.09810210671,29.3798494715,
    -522.2620728911));
#3077 = CARTESIAN_POINT('',(-18.92600034239,29.483747827114,
    -522.1755619453));
#3078 = CARTESIAN_POINT('',(-18.73807265904,29.595281329363,
    -522.1217071624));
#3079 = CARTESIAN_POINT('',(-18.54236895489,29.709152575488,
    -522.1050856481));
#3080 = CARTESIAN_POINT('',(-18.34779520508,29.820287559754,
    -522.1260844961));
#3081 = CARTESIAN_POINT('',(-18.04218975211,29.992073343191,
    -522.2160917162));
#3082 = CARTESIAN_POINT('',(-17.92477884924,30.057329178074,
    -522.2659833802));
#3083 = CARTESIAN_POINT('',(-17.81190395181,30.119364034933,
    -522.3298572923));
#3084 = CARTESIAN_POINT('',(-17.70512595197,30.177428841344,
    -522.4069647028));
#3085 = CARTESIAN_POINT('',(-17.60591702479,30.230866109535,
    -522.4962917065));
#3086 = CARTESIAN_POINT('',(-17.51561208605,30.279115035961,
    -522.5965818119));
#3087 = CARTESIAN_POINT('',(-17.3470277047,30.368594435249,
    -522.8271445156));
#3088 = CARTESIAN_POINT('',(-17.27084402052,30.408645900133,
    -522.9594318541));
#3089 = CARTESIAN_POINT('',(-17.20828726602,30.441272170797,
    -523.101290533));
#3090 = CARTESIAN_POINT('',(-17.16053873603,30.466037118313,
    -523.2505364334));
#3091 = CARTESIAN_POINT('',(-17.12842367569,30.482647710925,
    -523.4047890196));
#3092 = CARTESIAN_POINT('',(-17.11237139848,30.490950541802,
    -523.5615451651));
#3093 = CARTESIAN_POINT('',(-17.11237139848,30.490950541802,
    -523.8701380879));
#3094 = CARTESIAN_POINT('',(-17.12744059583,30.483156275874,
    -524.0220243792));
#3095 = CARTESIAN_POINT('',(-17.15759028394,30.467561950889,
    -524.172639021));
#3096 = CARTESIAN_POINT('',(-17.20303941037,30.443994681396,
    -524.3206103438));
#3097 = CARTESIAN_POINT('',(-17.26416659363,30.412139833464,
    -524.4643351046));
#3098 = CARTESIAN_POINT('',(-17.34144837161,30.371555773478,
    -524.6017849665));
#3099 = CARTESIAN_POINT('',(-17.53512533684,30.268758003207,
    -524.8666652858));
#3100 = CARTESIAN_POINT('',(-17.65616174789,30.204024529026,
    -524.9963270929));
#3101 = CARTESIAN_POINT('',(-17.79804175393,30.127356798029,
    -525.1113250182));
#3102 = CARTESIAN_POINT('',(-17.95834732206,30.039543099216,
    -525.2048167337));
#3103 = CARTESIAN_POINT('',(-18.13313756973,29.942167599392,
    -525.2711080853));
#3104 = CARTESIAN_POINT('',(-18.31744310315,29.837610231184,-525.30578)
  );
#3105 = CARTESIAN_POINT('',(-18.50555,29.729006663653,-525.30578));
#3106 = CYLINDRICAL_SURFACE('',#3107,34.3281);
#3107 = AXIS2_PLACEMENT_3D('',#3108,#3109,#3110);
#3108 = CARTESIAN_POINT('',(-1.3415,0.,-527.23618));
#3109 = DIRECTION('',(0.,0.,1.));
#3110 = DIRECTION('',(1.,0.,0.));
#3111 = ADVANCED_FACE('',(#3112),#3131,.F.);
#3112 = FACE_BOUND('',#3113,.F.);
#3113 = EDGE_LOOP('',(#3114,#3115,#3123,#3130));
#3114 = ORIENTED_EDGE('',*,*,#2898,.F.);
#3115 = ORIENTED_EDGE('',*,*,#3116,.F.);
#3116 = EDGE_CURVE('',#3117,#2899,#3119,.T.);
#3117 = VERTEX_POINT('',#3118);
#3118 = CARTESIAN_POINT('',(2.22085,-8.725241049885E-16,-503.99518));
#3119 = LINE('',#3120,#3121);
#3120 = CARTESIAN_POINT('',(2.22085,-8.725241049885E-16,-503.99518));
#3121 = VECTOR('',#3122,1.);
#3122 = DIRECTION('',(0.,0.,1.));
#3123 = ORIENTED_EDGE('',*,*,#3124,.T.);
#3124 = EDGE_CURVE('',#3117,#3117,#3125,.T.);
#3125 = CIRCLE('',#3126,3.56235);
#3126 = AXIS2_PLACEMENT_3D('',#3127,#3128,#3129);
#3127 = CARTESIAN_POINT('',(-1.3415,0.,-503.99518));
#3128 = DIRECTION('',(0.,0.,1.));
#3129 = DIRECTION('',(1.,0.,0.));
#3130 = ORIENTED_EDGE('',*,*,#3116,.T.);
#3131 = CYLINDRICAL_SURFACE('',#3132,3.56235);
#3132 = AXIS2_PLACEMENT_3D('',#3133,#3134,#3135);
#3133 = CARTESIAN_POINT('',(-1.3415,0.,-503.99518));
#3134 = DIRECTION('',(0.,0.,1.));
#3135 = DIRECTION('',(1.,0.,0.));
#3136 = ADVANCED_FACE('',(#3137),#3157,.T.);
#3137 = FACE_BOUND('',#3138,.T.);
#3138 = EDGE_LOOP('',(#3139,#3147,#3154,#3155,#3156));
#3139 = ORIENTED_EDGE('',*,*,#3140,.T.);
#3140 = EDGE_CURVE('',#2924,#3141,#3143,.T.);
#3141 = VERTEX_POINT('',#3142);
#3142 = CARTESIAN_POINT('',(35.6696,-3.888253587293E-16,-525.30578));
#3143 = LINE('',#3144,#3145);
#3144 = CARTESIAN_POINT('',(31.9866,-3.888253587293E-16,-525.30578));
#3145 = VECTOR('',#3146,1.);
#3146 = DIRECTION('',(1.,0.,1.110223024625E-16));
#3147 = ORIENTED_EDGE('',*,*,#3148,.F.);
#3148 = EDGE_CURVE('',#3141,#3141,#3149,.T.);
#3149 = CIRCLE('',#3150,1.5875);
#3150 = AXIS2_PLACEMENT_3D('',#3151,#3152,#3153);
#3151 = CARTESIAN_POINT('',(35.6696,0.,-523.71828));
#3152 = DIRECTION('',(1.,-0.,1.110223024625E-16));
#3153 = DIRECTION('',(1.110223024625E-16,0.,-1.));
#3154 = ORIENTED_EDGE('',*,*,#3140,.F.);
#3155 = ORIENTED_EDGE('',*,*,#2923,.T.);
#3156 = ORIENTED_EDGE('',*,*,#2962,.T.);
#3157 = CYLINDRICAL_SURFACE('',#3158,1.5875);
#3158 = AXIS2_PLACEMENT_3D('',#3159,#3160,#3161);
#3159 = CARTESIAN_POINT('',(31.9866,0.,-523.71828));
#3160 = DIRECTION('',(1.,0.,1.110223024625E-16));
#3161 = DIRECTION('',(1.110223024625E-16,0.,-1.));
#3162 = ADVANCED_FACE('',(#3163),#3182,.T.);
#3163 = FACE_BOUND('',#3164,.T.);
#3164 = EDGE_LOOP('',(#3165,#3173,#3180,#3181));
#3165 = ORIENTED_EDGE('',*,*,#3166,.T.);
#3166 = EDGE_CURVE('',#2996,#3167,#3169,.T.);
#3167 = VERTEX_POINT('',#3168);
#3168 = CARTESIAN_POINT('',(-19.84705,-32.052552822,-525.30578));
#3169 = LINE('',#3170,#3171);
#3170 = CARTESIAN_POINT('',(-18.00555,-28.86298125986,-525.30578));
#3171 = VECTOR('',#3172,1.);
#3172 = DIRECTION('',(-0.5,-0.866025403784,1.110223024625E-16));
#3173 = ORIENTED_EDGE('',*,*,#3174,.F.);
#3174 = EDGE_CURVE('',#3167,#3167,#3175,.T.);
#3175 = CIRCLE('',#3176,1.5875);
#3176 = AXIS2_PLACEMENT_3D('',#3177,#3178,#3179);
#3177 = CARTESIAN_POINT('',(-19.84705,-32.052552822,-523.71828));
#3178 = DIRECTION('',(-0.5,-0.866025403784,1.110223024625E-16));
#3179 = DIRECTION('',(-5.551115123127E-17,-9.61481343192E-17,-1.));
#3180 = ORIENTED_EDGE('',*,*,#3166,.F.);
#3181 = ORIENTED_EDGE('',*,*,#2995,.T.);
#3182 = CYLINDRICAL_SURFACE('',#3183,1.5875);
#3183 = AXIS2_PLACEMENT_3D('',#3184,#3185,#3186);
#3184 = CARTESIAN_POINT('',(-18.00555,-28.86298125986,-523.71828));
#3185 = DIRECTION('',(-0.5,-0.866025403784,1.110223024625E-16));
#3186 = DIRECTION('',(-5.551115123127E-17,-9.61481343192E-17,-1.));
#3187 = ADVANCED_FACE('',(#3188),#3207,.T.);
#3188 = FACE_BOUND('',#3189,.T.);
#3189 = EDGE_LOOP('',(#3190,#3198,#3205,#3206));
#3190 = ORIENTED_EDGE('',*,*,#3191,.T.);
#3191 = EDGE_CURVE('',#3053,#3192,#3194,.T.);
#3192 = VERTEX_POINT('',#3193);
#3193 = CARTESIAN_POINT('',(-19.84705,32.052552822006,-525.30578));
#3194 = LINE('',#3195,#3196);
#3195 = CARTESIAN_POINT('',(-18.00555,28.862981259868,-525.30578));
#3196 = VECTOR('',#3197,1.);
#3197 = DIRECTION('',(-0.5,0.866025403784,1.110223024625E-16));
#3198 = ORIENTED_EDGE('',*,*,#3199,.F.);
#3199 = EDGE_CURVE('',#3192,#3192,#3200,.T.);
#3200 = CIRCLE('',#3201,1.5875);
#3201 = AXIS2_PLACEMENT_3D('',#3202,#3203,#3204);
#3202 = CARTESIAN_POINT('',(-19.84705,32.052552822006,-523.71828));
#3203 = DIRECTION('',(-0.5,0.866025403784,1.110223024625E-16));
#3204 = DIRECTION('',(-5.551115123127E-17,9.61481343192E-17,-1.));
#3205 = ORIENTED_EDGE('',*,*,#3191,.F.);
#3206 = ORIENTED_EDGE('',*,*,#3052,.T.);
#3207 = CYLINDRICAL_SURFACE('',#3208,1.5875);
#3208 = AXIS2_PLACEMENT_3D('',#3209,#3210,#3211);
#3209 = CARTESIAN_POINT('',(-18.00555,28.862981259868,-523.71828));
#3210 = DIRECTION('',(-0.5,0.866025403784,1.110223024625E-16));
#3211 = DIRECTION('',(-5.551115123127E-17,9.61481343192E-17,-1.));
#3212 = ADVANCED_FACE('',(#3213),#3216,.T.);
#3213 = FACE_BOUND('',#3214,.F.);
#3214 = EDGE_LOOP('',(#3215));
#3215 = ORIENTED_EDGE('',*,*,#3124,.F.);
#3216 = PLANE('',#3217);
#3217 = AXIS2_PLACEMENT_3D('',#3218,#3219,#3220);
#3218 = CARTESIAN_POINT('',(-1.3415,0.,-503.99518));
#3219 = DIRECTION('',(0.,0.,1.));
#3220 = DIRECTION('',(1.,0.,0.));
#3221 = ADVANCED_FACE('',(#3222),#3225,.T.);
#3222 = FACE_BOUND('',#3223,.T.);
#3223 = EDGE_LOOP('',(#3224));
#3224 = ORIENTED_EDGE('',*,*,#3148,.T.);
#3225 = PLANE('',#3226);
#3226 = AXIS2_PLACEMENT_3D('',#3227,#3228,#3229);
#3227 = CARTESIAN_POINT('',(35.6696,0.,-523.71828));
#3228 = DIRECTION('',(1.,0.,1.110223024625E-16));
#3229 = DIRECTION('',(1.110223024625E-16,0.,-1.));
#3230 = ADVANCED_FACE('',(#3231),#3234,.T.);
#3231 = FACE_BOUND('',#3232,.T.);
#3232 = EDGE_LOOP('',(#3233));
#3233 = ORIENTED_EDGE('',*,*,#3174,.T.);
#3234 = PLANE('',#3235);
#3235 = AXIS2_PLACEMENT_3D('',#3236,#3237,#3238);
#3236 = CARTESIAN_POINT('',(-19.84705,-32.052552822,-523.71828));
#3237 = DIRECTION('',(-0.5,-0.866025403784,1.110223024625E-16));
#3238 = DIRECTION('',(-5.551115123127E-17,-9.61481343192E-17,-1.));
#3239 = ADVANCED_FACE('',(#3240),#3243,.T.);
#3240 = FACE_BOUND('',#3241,.T.);
#3241 = EDGE_LOOP('',(#3242));
#3242 = ORIENTED_EDGE('',*,*,#3199,.T.);
#3243 = PLANE('',#3244);
#3244 = AXIS2_PLACEMENT_3D('',#3245,#3246,#3247);
#3245 = CARTESIAN_POINT('',(-19.84705,32.052552822006,-523.71828));
#3246 = DIRECTION('',(-0.5,0.866025403784,1.110223024625E-16));
#3247 = DIRECTION('',(-5.551115123127E-17,9.61481343192E-17,-1.));
#3248 = MANIFOLD_SOLID_BREP('',#3249);
#3249 = CLOSED_SHELL('',(#3250,#3355,#3397,#3520,#3553,#3586,#3595,#3627
    ,#3659,#3708,#3740,#3766,#3791,#3823,#3849,#3874,#3902,#3922,#3940,
    #3981,#3993,#4005));
#3250 = ADVANCED_FACE('',(#3251),#3350,.T.);
#3251 = FACE_BOUND('',#3252,.T.);
#3252 = EDGE_LOOP('',(#3253,#3263,#3270,#3271,#3280,#3289,#3298,#3307,
    #3316,#3325,#3334,#3343));
#3253 = ORIENTED_EDGE('',*,*,#3254,.F.);
#3254 = EDGE_CURVE('',#3255,#3257,#3259,.T.);
#3255 = VERTEX_POINT('',#3256);
#3256 = CARTESIAN_POINT('',(35.59175,-8.717464542711E-15,-598.38618));
#3257 = VERTEX_POINT('',#3258);
#3258 = CARTESIAN_POINT('',(35.59175,-8.717464542711E-15,-547.58618));
#3259 = LINE('',#3260,#3261);
#3260 = CARTESIAN_POINT('',(35.59175,-8.717464542711E-15,-598.38618));
#3261 = VECTOR('',#3262,1.);
#3262 = DIRECTION('',(0.,0.,1.));
#3263 = ORIENTED_EDGE('',*,*,#3264,.T.);
#3264 = EDGE_CURVE('',#3255,#3255,#3265,.T.);
#3265 = CIRCLE('',#3266,35.59175);
#3266 = AXIS2_PLACEMENT_3D('',#3267,#3268,#3269);
#3267 = CARTESIAN_POINT('',(0.,0.,-598.38618));
#3268 = DIRECTION('',(0.,0.,1.));
#3269 = DIRECTION('',(1.,0.,0.));
#3270 = ORIENTED_EDGE('',*,*,#3254,.T.);
#3271 = ORIENTED_EDGE('',*,*,#3272,.F.);
#3272 = EDGE_CURVE('',#3273,#3257,#3275,.T.);
#3273 = VERTEX_POINT('',#3274);
#3274 = CARTESIAN_POINT('',(35.51369649642,-2.35585,-547.58618));
#3275 = CIRCLE('',#3276,35.59175);
#3276 = AXIS2_PLACEMENT_3D('',#3277,#3278,#3279);
#3277 = CARTESIAN_POINT('',(0.,0.,-547.58618));
#3278 = DIRECTION('',(0.,0.,1.));
#3279 = DIRECTION('',(1.,0.,0.));
#3280 = ORIENTED_EDGE('',*,*,#3281,.F.);
#3281 = EDGE_CURVE('',#3282,#3273,#3284,.T.);
#3282 = VERTEX_POINT('',#3283);
#3283 = CARTESIAN_POINT('',(-15.7166223007,-31.93368834819,-547.58618));
#3284 = CIRCLE('',#3285,35.59175);
#3285 = AXIS2_PLACEMENT_3D('',#3286,#3287,#3288);
#3286 = CARTESIAN_POINT('',(0.,0.,-547.58618));
#3287 = DIRECTION('',(0.,0.,1.));
#3288 = DIRECTION('',(1.,0.,0.));
#3289 = ORIENTED_EDGE('',*,*,#3290,.F.);
#3290 = EDGE_CURVE('',#3291,#3282,#3293,.T.);
#3291 = VERTEX_POINT('',#3292);
#3292 = CARTESIAN_POINT('',(-17.79587520467,-30.82335954697,-547.58618)
  );
#3293 = CIRCLE('',#3294,35.59175);
#3294 = AXIS2_PLACEMENT_3D('',#3295,#3296,#3297);
#3295 = CARTESIAN_POINT('',(0.,0.,-547.58618));
#3296 = DIRECTION('',(0.,0.,1.));
#3297 = DIRECTION('',(1.,0.,0.));
#3298 = ORIENTED_EDGE('',*,*,#3299,.F.);
#3299 = EDGE_CURVE('',#3300,#3291,#3302,.T.);
#3300 = VERTEX_POINT('',#3301);
#3301 = CARTESIAN_POINT('',(-19.79707419571,-29.57783834819,-547.58618)
  );
#3302 = CIRCLE('',#3303,35.59175);
#3303 = AXIS2_PLACEMENT_3D('',#3304,#3305,#3306);
#3304 = CARTESIAN_POINT('',(0.,0.,-547.58618));
#3305 = DIRECTION('',(0.,0.,1.));
#3306 = DIRECTION('',(1.,0.,0.));
#3307 = ORIENTED_EDGE('',*,*,#3308,.F.);
#3308 = EDGE_CURVE('',#3309,#3300,#3311,.T.);
#3309 = VERTEX_POINT('',#3310);
#3310 = CARTESIAN_POINT('',(-19.79707419571,29.577838348193,-547.58618)
  );
#3311 = CIRCLE('',#3312,35.59175);
#3312 = AXIS2_PLACEMENT_3D('',#3313,#3314,#3315);
#3313 = CARTESIAN_POINT('',(0.,0.,-547.58618));
#3314 = DIRECTION('',(0.,0.,1.));
#3315 = DIRECTION('',(1.,0.,0.));
#3316 = ORIENTED_EDGE('',*,*,#3317,.F.);
#3317 = EDGE_CURVE('',#3318,#3309,#3320,.T.);
#3318 = VERTEX_POINT('',#3319);
#3319 = CARTESIAN_POINT('',(-17.79587507464,30.823359622046,-547.58618)
  );
#3320 = CIRCLE('',#3321,35.59175);
#3321 = AXIS2_PLACEMENT_3D('',#3322,#3323,#3324);
#3322 = CARTESIAN_POINT('',(0.,0.,-547.58618));
#3323 = DIRECTION('',(0.,0.,1.));
#3324 = DIRECTION('',(1.,0.,0.));
#3325 = ORIENTED_EDGE('',*,*,#3326,.F.);
#3326 = EDGE_CURVE('',#3327,#3318,#3329,.T.);
#3327 = VERTEX_POINT('',#3328);
#3328 = CARTESIAN_POINT('',(-15.7166223007,31.933688348192,-547.58618));
#3329 = CIRCLE('',#3330,35.59175);
#3330 = AXIS2_PLACEMENT_3D('',#3331,#3332,#3333);
#3331 = CARTESIAN_POINT('',(0.,0.,-547.58618));
#3332 = DIRECTION('',(0.,0.,1.));
#3333 = DIRECTION('',(1.,0.,0.));
#3334 = ORIENTED_EDGE('',*,*,#3335,.F.);
#3335 = EDGE_CURVE('',#3336,#3327,#3338,.T.);
#3336 = VERTEX_POINT('',#3337);
#3337 = CARTESIAN_POINT('',(35.51369649642,2.35585,-547.58618));
#3338 = CIRCLE('',#3339,35.59175);
#3339 = AXIS2_PLACEMENT_3D('',#3340,#3341,#3342);
#3340 = CARTESIAN_POINT('',(0.,0.,-547.58618));
#3341 = DIRECTION('',(0.,0.,1.));
#3342 = DIRECTION('',(1.,0.,0.));
#3343 = ORIENTED_EDGE('',*,*,#3344,.F.);
#3344 = EDGE_CURVE('',#3257,#3336,#3345,.T.);
#3345 = CIRCLE('',#3346,35.59175);
#3346 = AXIS2_PLACEMENT_3D('',#3347,#3348,#3349);
#3347 = CARTESIAN_POINT('',(0.,0.,-547.58618));
#3348 = DIRECTION('',(0.,0.,1.));
#3349 = DIRECTION('',(1.,0.,0.));
#3350 = CYLINDRICAL_SURFACE('',#3351,35.59175);
#3351 = AXIS2_PLACEMENT_3D('',#3352,#3353,#3354);
#3352 = CARTESIAN_POINT('',(0.,0.,-598.38618));
#3353 = DIRECTION('',(0.,0.,1.));
#3354 = DIRECTION('',(1.,0.,0.));
#3355 = ADVANCED_FACE('',(#3356),#3392,.T.);
#3356 = FACE_BOUND('',#3357,.T.);
#3357 = EDGE_LOOP('',(#3358,#3366,#3375,#3384,#3390,#3391));
#3358 = ORIENTED_EDGE('',*,*,#3359,.F.);
#3359 = EDGE_CURVE('',#3360,#3336,#3362,.T.);
#3360 = VERTEX_POINT('',#3361);
#3361 = CARTESIAN_POINT('',(34.74998497611,2.355850000001,-547.58618));
#3362 = LINE('',#3363,#3364);
#3363 = CARTESIAN_POINT('',(30.51175,2.35585,-547.58618));
#3364 = VECTOR('',#3365,1.);
#3365 = DIRECTION('',(1.,0.,0.));
#3366 = ORIENTED_EDGE('',*,*,#3367,.F.);
#3367 = EDGE_CURVE('',#3368,#3360,#3370,.T.);
#3368 = VERTEX_POINT('',#3369);
#3369 = CARTESIAN_POINT('',(34.82975,-8.530828370521E-15,-547.58618));
#3370 = CIRCLE('',#3371,34.82975);
#3371 = AXIS2_PLACEMENT_3D('',#3372,#3373,#3374);
#3372 = CARTESIAN_POINT('',(0.,0.,-547.58618));
#3373 = DIRECTION('',(0.,0.,1.));
#3374 = DIRECTION('',(1.,0.,0.));
#3375 = ORIENTED_EDGE('',*,*,#3376,.F.);
#3376 = EDGE_CURVE('',#3377,#3368,#3379,.T.);
#3377 = VERTEX_POINT('',#3378);
#3378 = CARTESIAN_POINT('',(34.74998497611,-2.355850000001,-547.58618));
#3379 = CIRCLE('',#3380,34.82975);
#3380 = AXIS2_PLACEMENT_3D('',#3381,#3382,#3383);
#3381 = CARTESIAN_POINT('',(0.,0.,-547.58618));
#3382 = DIRECTION('',(0.,0.,1.));
#3383 = DIRECTION('',(1.,0.,0.));
#3384 = ORIENTED_EDGE('',*,*,#3385,.T.);
#3385 = EDGE_CURVE('',#3377,#3273,#3386,.T.);
#3386 = LINE('',#3387,#3388);
#3387 = CARTESIAN_POINT('',(30.51175,-2.35585,-547.58618));
#3388 = VECTOR('',#3389,1.);
#3389 = DIRECTION('',(1.,0.,0.));
#3390 = ORIENTED_EDGE('',*,*,#3272,.T.);
#3391 = ORIENTED_EDGE('',*,*,#3344,.T.);
#3392 = PLANE('',#3393);
#3393 = AXIS2_PLACEMENT_3D('',#3394,#3395,#3396);
#3394 = CARTESIAN_POINT('',(30.51175,-2.35585,-547.58618));
#3395 = DIRECTION('',(0.,0.,1.));
#3396 = DIRECTION('',(1.,0.,0.));
#3397 = ADVANCED_FACE('',(#3398),#3515,.T.);
#3398 = FACE_BOUND('',#3399,.T.);
#3399 = EDGE_LOOP('',(#3400,#3408,#3417,#3425,#3432,#3433,#3442,#3448,
    #3449,#3457,#3466,#3475,#3481,#3482,#3490,#3499,#3508,#3514));
#3400 = ORIENTED_EDGE('',*,*,#3401,.T.);
#3401 = EDGE_CURVE('',#3273,#3402,#3404,.T.);
#3402 = VERTEX_POINT('',#3403);
#3403 = CARTESIAN_POINT('',(35.51369649642,-2.35585,-543.01418));
#3404 = LINE('',#3405,#3406);
#3405 = CARTESIAN_POINT('',(35.51369649642,-2.35585,-547.58618));
#3406 = VECTOR('',#3407,1.);
#3407 = DIRECTION('',(0.,0.,1.));
#3408 = ORIENTED_EDGE('',*,*,#3409,.T.);
#3409 = EDGE_CURVE('',#3402,#3410,#3412,.T.);
#3410 = VERTEX_POINT('',#3411);
#3411 = CARTESIAN_POINT('',(35.59175,-8.799624369856E-15,-543.01418));
#3412 = CIRCLE('',#3413,35.59175);
#3413 = AXIS2_PLACEMENT_3D('',#3414,#3415,#3416);
#3414 = CARTESIAN_POINT('',(0.,0.,-543.01418));
#3415 = DIRECTION('',(0.,0.,1.));
#3416 = DIRECTION('',(1.,0.,0.));
#3417 = ORIENTED_EDGE('',*,*,#3418,.T.);
#3418 = EDGE_CURVE('',#3410,#3419,#3421,.T.);
#3419 = VERTEX_POINT('',#3420);
#3420 = CARTESIAN_POINT('',(35.59175,-8.717464542711E-15,-541.23618));
#3421 = LINE('',#3422,#3423);
#3422 = CARTESIAN_POINT('',(35.59175,-8.717464542711E-15,-547.58618));
#3423 = VECTOR('',#3424,1.);
#3424 = DIRECTION('',(0.,0.,1.));
#3425 = ORIENTED_EDGE('',*,*,#3426,.F.);
#3426 = EDGE_CURVE('',#3419,#3419,#3427,.T.);
#3427 = CIRCLE('',#3428,35.59175);
#3428 = AXIS2_PLACEMENT_3D('',#3429,#3430,#3431);
#3429 = CARTESIAN_POINT('',(0.,0.,-541.23618));
#3430 = DIRECTION('',(0.,0.,1.));
#3431 = DIRECTION('',(1.,0.,0.));
#3432 = ORIENTED_EDGE('',*,*,#3418,.F.);
#3433 = ORIENTED_EDGE('',*,*,#3434,.T.);
#3434 = EDGE_CURVE('',#3410,#3435,#3437,.T.);
#3435 = VERTEX_POINT('',#3436);
#3436 = CARTESIAN_POINT('',(35.51369649642,2.35585,-543.01418));
#3437 = CIRCLE('',#3438,35.59175);
#3438 = AXIS2_PLACEMENT_3D('',#3439,#3440,#3441);
#3439 = CARTESIAN_POINT('',(0.,0.,-543.01418));
#3440 = DIRECTION('',(0.,0.,1.));
#3441 = DIRECTION('',(1.,0.,0.));
#3442 = ORIENTED_EDGE('',*,*,#3443,.F.);
#3443 = EDGE_CURVE('',#3336,#3435,#3444,.T.);
#3444 = LINE('',#3445,#3446);
#3445 = CARTESIAN_POINT('',(35.51369649642,2.35585,-547.58618));
#3446 = VECTOR('',#3447,1.);
#3447 = DIRECTION('',(0.,0.,1.));
#3448 = ORIENTED_EDGE('',*,*,#3335,.T.);
#3449 = ORIENTED_EDGE('',*,*,#3450,.T.);
#3450 = EDGE_CURVE('',#3327,#3451,#3453,.T.);
#3451 = VERTEX_POINT('',#3452);
#3452 = CARTESIAN_POINT('',(-15.7166223007,31.933688348192,-543.01418));
#3453 = LINE('',#3454,#3455);
#3454 = CARTESIAN_POINT('',(-15.7166223007,31.933688348192,-547.58618));
#3455 = VECTOR('',#3456,1.);
#3456 = DIRECTION('',(0.,0.,1.));
#3457 = ORIENTED_EDGE('',*,*,#3458,.T.);
#3458 = EDGE_CURVE('',#3451,#3459,#3461,.T.);
#3459 = VERTEX_POINT('',#3460);
#3460 = CARTESIAN_POINT('',(-17.795875,30.823359665145,-543.01418));
#3461 = CIRCLE('',#3462,35.59175);
#3462 = AXIS2_PLACEMENT_3D('',#3463,#3464,#3465);
#3463 = CARTESIAN_POINT('',(0.,0.,-543.01418));
#3464 = DIRECTION('',(0.,0.,1.));
#3465 = DIRECTION('',(1.,0.,0.));
#3466 = ORIENTED_EDGE('',*,*,#3467,.T.);
#3467 = EDGE_CURVE('',#3459,#3468,#3470,.T.);
#3468 = VERTEX_POINT('',#3469);
#3469 = CARTESIAN_POINT('',(-19.79707419571,29.577838348192,-543.01418)
  );
#3470 = CIRCLE('',#3471,35.59175);
#3471 = AXIS2_PLACEMENT_3D('',#3472,#3473,#3474);
#3472 = CARTESIAN_POINT('',(0.,0.,-543.01418));
#3473 = DIRECTION('',(0.,0.,1.));
#3474 = DIRECTION('',(1.,0.,0.));
#3475 = ORIENTED_EDGE('',*,*,#3476,.F.);
#3476 = EDGE_CURVE('',#3309,#3468,#3477,.T.);
#3477 = LINE('',#3478,#3479);
#3478 = CARTESIAN_POINT('',(-19.79707419571,29.577838348192,-547.58618)
  );
#3479 = VECTOR('',#3480,1.);
#3480 = DIRECTION('',(0.,0.,1.));
#3481 = ORIENTED_EDGE('',*,*,#3308,.T.);
#3482 = ORIENTED_EDGE('',*,*,#3483,.T.);
#3483 = EDGE_CURVE('',#3300,#3484,#3486,.T.);
#3484 = VERTEX_POINT('',#3485);
#3485 = CARTESIAN_POINT('',(-19.79707419571,-29.57783834819,-543.01418)
  );
#3486 = LINE('',#3487,#3488);
#3487 = CARTESIAN_POINT('',(-19.79707419571,-29.57783834819,-547.58618)
  );
#3488 = VECTOR('',#3489,1.);
#3489 = DIRECTION('',(0.,0.,1.));
#3490 = ORIENTED_EDGE('',*,*,#3491,.T.);
#3491 = EDGE_CURVE('',#3484,#3492,#3494,.T.);
#3492 = VERTEX_POINT('',#3493);
#3493 = CARTESIAN_POINT('',(-17.795875,-30.82335966514,-543.01418));
#3494 = CIRCLE('',#3495,35.59175);
#3495 = AXIS2_PLACEMENT_3D('',#3496,#3497,#3498);
#3496 = CARTESIAN_POINT('',(0.,0.,-543.01418));
#3497 = DIRECTION('',(0.,0.,1.));
#3498 = DIRECTION('',(1.,0.,0.));
#3499 = ORIENTED_EDGE('',*,*,#3500,.T.);
#3500 = EDGE_CURVE('',#3492,#3501,#3503,.T.);
#3501 = VERTEX_POINT('',#3502);
#3502 = CARTESIAN_POINT('',(-15.7166223007,-31.93368834819,-543.01418));
#3503 = CIRCLE('',#3504,35.59175);
#3504 = AXIS2_PLACEMENT_3D('',#3505,#3506,#3507);
#3505 = CARTESIAN_POINT('',(0.,0.,-543.01418));
#3506 = DIRECTION('',(0.,0.,1.));
#3507 = DIRECTION('',(1.,0.,0.));
#3508 = ORIENTED_EDGE('',*,*,#3509,.F.);
#3509 = EDGE_CURVE('',#3282,#3501,#3510,.T.);
#3510 = LINE('',#3511,#3512);
#3511 = CARTESIAN_POINT('',(-15.7166223007,-31.93368834819,-547.58618));
#3512 = VECTOR('',#3513,1.);
#3513 = DIRECTION('',(0.,0.,1.));
#3514 = ORIENTED_EDGE('',*,*,#3281,.T.);
#3515 = CYLINDRICAL_SURFACE('',#3516,35.59175);
#3516 = AXIS2_PLACEMENT_3D('',#3517,#3518,#3519);
#3517 = CARTESIAN_POINT('',(0.,0.,-547.58618));
#3518 = DIRECTION('',(0.,0.,1.));
#3519 = DIRECTION('',(1.,0.,0.));
#3520 = ADVANCED_FACE('',(#3521),#3548,.T.);
#3521 = FACE_BOUND('',#3522,.T.);
#3522 = EDGE_LOOP('',(#3523,#3531,#3540,#3546,#3547));
#3523 = ORIENTED_EDGE('',*,*,#3524,.F.);
#3524 = EDGE_CURVE('',#3525,#3309,#3527,.T.);
#3525 = VERTEX_POINT('',#3526);
#3526 = CARTESIAN_POINT('',(-19.41521843556,28.916444770441,-547.58618)
  );
#3527 = LINE('',#3528,#3529);
#3528 = CARTESIAN_POINT('',(-17.2961009475,25.24602561392,-547.58618));
#3529 = VECTOR('',#3530,1.);
#3530 = DIRECTION('',(-0.5,0.866025403784,0.));
#3531 = ORIENTED_EDGE('',*,*,#3532,.F.);
#3532 = EDGE_CURVE('',#3533,#3525,#3535,.T.);
#3533 = VERTEX_POINT('',#3534);
#3534 = CARTESIAN_POINT('',(-15.33476654055,31.27229477044,-547.58618));
#3535 = CIRCLE('',#3536,34.82975);
#3536 = AXIS2_PLACEMENT_3D('',#3537,#3538,#3539);
#3537 = CARTESIAN_POINT('',(0.,0.,-547.58618));
#3538 = DIRECTION('',(0.,0.,1.));
#3539 = DIRECTION('',(1.,0.,0.));
#3540 = ORIENTED_EDGE('',*,*,#3541,.T.);
#3541 = EDGE_CURVE('',#3533,#3327,#3542,.T.);
#3542 = LINE('',#3543,#3544);
#3543 = CARTESIAN_POINT('',(-13.21564905249,27.60187561392,-547.58618));
#3544 = VECTOR('',#3545,1.);
#3545 = DIRECTION('',(-0.5,0.866025403784,0.));
#3546 = ORIENTED_EDGE('',*,*,#3326,.T.);
#3547 = ORIENTED_EDGE('',*,*,#3317,.T.);
#3548 = PLANE('',#3549);
#3549 = AXIS2_PLACEMENT_3D('',#3550,#3551,#3552);
#3550 = CARTESIAN_POINT('',(-13.21564905249,27.60187561392,-547.58618));
#3551 = DIRECTION('',(0.,0.,1.));
#3552 = DIRECTION('',(-0.5,0.866025403784,0.));
#3553 = ADVANCED_FACE('',(#3554),#3581,.T.);
#3554 = FACE_BOUND('',#3555,.T.);
#3555 = EDGE_LOOP('',(#3556,#3564,#3573,#3579,#3580));
#3556 = ORIENTED_EDGE('',*,*,#3557,.F.);
#3557 = EDGE_CURVE('',#3558,#3282,#3560,.T.);
#3558 = VERTEX_POINT('',#3559);
#3559 = CARTESIAN_POINT('',(-15.33476654055,-31.27229477044,-547.58618)
  );
#3560 = LINE('',#3561,#3562);
#3561 = CARTESIAN_POINT('',(-13.21564905249,-27.60187561392,-547.58618)
  );
#3562 = VECTOR('',#3563,1.);
#3563 = DIRECTION('',(-0.5,-0.866025403784,0.));
#3564 = ORIENTED_EDGE('',*,*,#3565,.F.);
#3565 = EDGE_CURVE('',#3566,#3558,#3568,.T.);
#3566 = VERTEX_POINT('',#3567);
#3567 = CARTESIAN_POINT('',(-19.41521843556,-28.91644477044,-547.58618)
  );
#3568 = CIRCLE('',#3569,34.82975);
#3569 = AXIS2_PLACEMENT_3D('',#3570,#3571,#3572);
#3570 = CARTESIAN_POINT('',(0.,0.,-547.58618));
#3571 = DIRECTION('',(0.,0.,1.));
#3572 = DIRECTION('',(1.,0.,0.));
#3573 = ORIENTED_EDGE('',*,*,#3574,.T.);
#3574 = EDGE_CURVE('',#3566,#3300,#3575,.T.);
#3575 = LINE('',#3576,#3577);
#3576 = CARTESIAN_POINT('',(-17.2961009475,-25.24602561392,-547.58618));
#3577 = VECTOR('',#3578,1.);
#3578 = DIRECTION('',(-0.5,-0.866025403784,0.));
#3579 = ORIENTED_EDGE('',*,*,#3299,.T.);
#3580 = ORIENTED_EDGE('',*,*,#3290,.T.);
#3581 = PLANE('',#3582);
#3582 = AXIS2_PLACEMENT_3D('',#3583,#3584,#3585);
#3583 = CARTESIAN_POINT('',(-17.2961009475,-25.24602561392,-547.58618));
#3584 = DIRECTION('',(0.,0.,1.));
#3585 = DIRECTION('',(-0.5,-0.866025403784,0.));
#3586 = ADVANCED_FACE('',(#3587),#3590,.F.);
#3587 = FACE_BOUND('',#3588,.T.);
#3588 = EDGE_LOOP('',(#3589));
#3589 = ORIENTED_EDGE('',*,*,#3264,.F.);
#3590 = PLANE('',#3591);
#3591 = AXIS2_PLACEMENT_3D('',#3592,#3593,#3594);
#3592 = CARTESIAN_POINT('',(0.,0.,-598.38618));
#3593 = DIRECTION('',(0.,0.,1.));
#3594 = DIRECTION('',(1.,0.,0.));
#3595 = ADVANCED_FACE('',(#3596),#3622,.F.);
#3596 = FACE_BOUND('',#3597,.F.);
#3597 = EDGE_LOOP('',(#3598,#3606,#3614,#3620,#3621));
#3598 = ORIENTED_EDGE('',*,*,#3599,.F.);
#3599 = EDGE_CURVE('',#3600,#3360,#3602,.T.);
#3600 = VERTEX_POINT('',#3601);
#3601 = CARTESIAN_POINT('',(33.47695910383,2.355850000001,-547.58618));
#3602 = LINE('',#3603,#3604);
#3603 = CARTESIAN_POINT('',(30.51175,2.35585,-547.58618));
#3604 = VECTOR('',#3605,1.);
#3605 = DIRECTION('',(1.,0.,0.));
#3606 = ORIENTED_EDGE('',*,*,#3607,.T.);
#3607 = EDGE_CURVE('',#3600,#3608,#3610,.T.);
#3608 = VERTEX_POINT('',#3609);
#3609 = CARTESIAN_POINT('',(33.47695910383,2.35585,-543.01418));
#3610 = LINE('',#3611,#3612);
#3611 = CARTESIAN_POINT('',(33.47695910383,2.35585,-547.58618));
#3612 = VECTOR('',#3613,1.);
#3613 = DIRECTION('',(0.,0.,1.));
#3614 = ORIENTED_EDGE('',*,*,#3615,.T.);
#3615 = EDGE_CURVE('',#3608,#3435,#3616,.T.);
#3616 = LINE('',#3617,#3618);
#3617 = CARTESIAN_POINT('',(30.51175,2.35585,-543.01418));
#3618 = VECTOR('',#3619,1.);
#3619 = DIRECTION('',(1.,0.,0.));
#3620 = ORIENTED_EDGE('',*,*,#3443,.F.);
#3621 = ORIENTED_EDGE('',*,*,#3359,.F.);
#3622 = PLANE('',#3623);
#3623 = AXIS2_PLACEMENT_3D('',#3624,#3625,#3626);
#3624 = CARTESIAN_POINT('',(30.51175,2.35585,-547.58618));
#3625 = DIRECTION('',(0.,1.,0.));
#3626 = DIRECTION('',(0.,0.,1.));
#3627 = ADVANCED_FACE('',(#3628),#3654,.T.);
#3628 = FACE_BOUND('',#3629,.T.);
#3629 = EDGE_LOOP('',(#3630,#3638,#3646,#3652,#3653));
#3630 = ORIENTED_EDGE('',*,*,#3631,.F.);
#3631 = EDGE_CURVE('',#3632,#3377,#3634,.T.);
#3632 = VERTEX_POINT('',#3633);
#3633 = CARTESIAN_POINT('',(33.47695910383,-2.355850000001,-547.58618));
#3634 = LINE('',#3635,#3636);
#3635 = CARTESIAN_POINT('',(30.51175,-2.35585,-547.58618));
#3636 = VECTOR('',#3637,1.);
#3637 = DIRECTION('',(1.,0.,0.));
#3638 = ORIENTED_EDGE('',*,*,#3639,.T.);
#3639 = EDGE_CURVE('',#3632,#3640,#3642,.T.);
#3640 = VERTEX_POINT('',#3641);
#3641 = CARTESIAN_POINT('',(33.47695910383,-2.35585,-543.01418));
#3642 = LINE('',#3643,#3644);
#3643 = CARTESIAN_POINT('',(33.47695910383,-2.35585,-547.58618));
#3644 = VECTOR('',#3645,1.);
#3645 = DIRECTION('',(0.,0.,1.));
#3646 = ORIENTED_EDGE('',*,*,#3647,.T.);
#3647 = EDGE_CURVE('',#3640,#3402,#3648,.T.);
#3648 = LINE('',#3649,#3650);
#3649 = CARTESIAN_POINT('',(30.51175,-2.35585,-543.01418));
#3650 = VECTOR('',#3651,1.);
#3651 = DIRECTION('',(1.,0.,0.));
#3652 = ORIENTED_EDGE('',*,*,#3401,.F.);
#3653 = ORIENTED_EDGE('',*,*,#3385,.F.);
#3654 = PLANE('',#3655);
#3655 = AXIS2_PLACEMENT_3D('',#3656,#3657,#3658);
#3656 = CARTESIAN_POINT('',(30.51175,-2.35585,-547.58618));
#3657 = DIRECTION('',(0.,1.,0.));
#3658 = DIRECTION('',(0.,0.,1.));
#3659 = ADVANCED_FACE('',(#3660),#3703,.F.);
#3660 = FACE_BOUND('',#3661,.F.);
#3661 = EDGE_LOOP('',(#3662,#3670,#3677,#3678,#3679,#3686,#3687,#3694,
    #3695,#3702));
#3662 = ORIENTED_EDGE('',*,*,#3663,.F.);
#3663 = EDGE_CURVE('',#3664,#3368,#3666,.T.);
#3664 = VERTEX_POINT('',#3665);
#3665 = CARTESIAN_POINT('',(34.82975,-8.530828370521E-15,-597.62418));
#3666 = LINE('',#3667,#3668);
#3667 = CARTESIAN_POINT('',(34.82975,-8.530828370521E-15,-597.62418));
#3668 = VECTOR('',#3669,1.);
#3669 = DIRECTION('',(0.,0.,1.));
#3670 = ORIENTED_EDGE('',*,*,#3671,.T.);
#3671 = EDGE_CURVE('',#3664,#3664,#3672,.T.);
#3672 = CIRCLE('',#3673,34.82975);
#3673 = AXIS2_PLACEMENT_3D('',#3674,#3675,#3676);
#3674 = CARTESIAN_POINT('',(0.,0.,-597.62418));
#3675 = DIRECTION('',(0.,0.,1.));
#3676 = DIRECTION('',(1.,0.,0.));
#3677 = ORIENTED_EDGE('',*,*,#3663,.T.);
#3678 = ORIENTED_EDGE('',*,*,#3376,.F.);
#3679 = ORIENTED_EDGE('',*,*,#3680,.F.);
#3680 = EDGE_CURVE('',#3558,#3377,#3681,.T.);
#3681 = CIRCLE('',#3682,34.82975);
#3682 = AXIS2_PLACEMENT_3D('',#3683,#3684,#3685);
#3683 = CARTESIAN_POINT('',(0.,0.,-547.58618));
#3684 = DIRECTION('',(0.,0.,1.));
#3685 = DIRECTION('',(1.,0.,0.));
#3686 = ORIENTED_EDGE('',*,*,#3565,.F.);
#3687 = ORIENTED_EDGE('',*,*,#3688,.F.);
#3688 = EDGE_CURVE('',#3525,#3566,#3689,.T.);
#3689 = CIRCLE('',#3690,34.82975);
#3690 = AXIS2_PLACEMENT_3D('',#3691,#3692,#3693);
#3691 = CARTESIAN_POINT('',(0.,0.,-547.58618));
#3692 = DIRECTION('',(0.,0.,1.));
#3693 = DIRECTION('',(1.,0.,0.));
#3694 = ORIENTED_EDGE('',*,*,#3532,.F.);
#3695 = ORIENTED_EDGE('',*,*,#3696,.F.);
#3696 = EDGE_CURVE('',#3360,#3533,#3697,.T.);
#3697 = CIRCLE('',#3698,34.82975);
#3698 = AXIS2_PLACEMENT_3D('',#3699,#3700,#3701);
#3699 = CARTESIAN_POINT('',(0.,0.,-547.58618));
#3700 = DIRECTION('',(0.,0.,1.));
#3701 = DIRECTION('',(1.,0.,0.));
#3702 = ORIENTED_EDGE('',*,*,#3367,.F.);
#3703 = CYLINDRICAL_SURFACE('',#3704,34.82975);
#3704 = AXIS2_PLACEMENT_3D('',#3705,#3706,#3707);
#3705 = CARTESIAN_POINT('',(0.,0.,-597.62418));
#3706 = DIRECTION('',(0.,0.,1.));
#3707 = DIRECTION('',(1.,0.,0.));
#3708 = ADVANCED_FACE('',(#3709),#3735,.F.);
#3709 = FACE_BOUND('',#3710,.F.);
#3710 = EDGE_LOOP('',(#3711,#3719,#3727,#3733,#3734));
#3711 = ORIENTED_EDGE('',*,*,#3712,.F.);
#3712 = EDGE_CURVE('',#3713,#3558,#3715,.T.);
#3713 = VERTEX_POINT('',#3714);
#3714 = CARTESIAN_POINT('',(-14.69825360441,-30.16982202537,-547.58618)
  );
#3715 = LINE('',#3716,#3717);
#3716 = CARTESIAN_POINT('',(-13.21564905249,-27.60187561392,-547.58618)
  );
#3717 = VECTOR('',#3718,1.);
#3718 = DIRECTION('',(-0.5,-0.866025403784,0.));
#3719 = ORIENTED_EDGE('',*,*,#3720,.T.);
#3720 = EDGE_CURVE('',#3713,#3721,#3723,.T.);
#3721 = VERTEX_POINT('',#3722);
#3722 = CARTESIAN_POINT('',(-14.69825360441,-30.16982202537,-543.01418)
  );
#3723 = LINE('',#3724,#3725);
#3724 = CARTESIAN_POINT('',(-14.69825360441,-30.16982202537,-547.58618)
  );
#3725 = VECTOR('',#3726,1.);
#3726 = DIRECTION('',(0.,0.,1.));
#3727 = ORIENTED_EDGE('',*,*,#3728,.T.);
#3728 = EDGE_CURVE('',#3721,#3501,#3729,.T.);
#3729 = LINE('',#3730,#3731);
#3730 = CARTESIAN_POINT('',(-13.21564905249,-27.60187561392,-543.01418)
  );
#3731 = VECTOR('',#3732,1.);
#3732 = DIRECTION('',(-0.5,-0.866025403784,0.));
#3733 = ORIENTED_EDGE('',*,*,#3509,.F.);
#3734 = ORIENTED_EDGE('',*,*,#3557,.F.);
#3735 = PLANE('',#3736);
#3736 = AXIS2_PLACEMENT_3D('',#3737,#3738,#3739);
#3737 = CARTESIAN_POINT('',(-13.21564905249,-27.60187561392,-547.58618)
  );
#3738 = DIRECTION('',(0.866025403784,-0.5,0.));
#3739 = DIRECTION('',(0.,0.,1.));
#3740 = ADVANCED_FACE('',(#3741),#3761,.F.);
#3741 = FACE_BOUND('',#3742,.F.);
#3742 = EDGE_LOOP('',(#3743,#3744,#3753,#3759,#3760));
#3743 = ORIENTED_EDGE('',*,*,#3728,.F.);
#3744 = ORIENTED_EDGE('',*,*,#3745,.F.);
#3745 = EDGE_CURVE('',#3746,#3721,#3748,.T.);
#3746 = VERTEX_POINT('',#3747);
#3747 = CARTESIAN_POINT('',(-18.77870549942,-27.81397202537,-543.01418)
  );
#3748 = CIRCLE('',#3749,33.55975);
#3749 = AXIS2_PLACEMENT_3D('',#3750,#3751,#3752);
#3750 = CARTESIAN_POINT('',(0.,0.,-543.01418));
#3751 = DIRECTION('',(0.,0.,1.));
#3752 = DIRECTION('',(1.,0.,0.));
#3753 = ORIENTED_EDGE('',*,*,#3754,.T.);
#3754 = EDGE_CURVE('',#3746,#3484,#3755,.T.);
#3755 = LINE('',#3756,#3757);
#3756 = CARTESIAN_POINT('',(-17.2961009475,-25.24602561392,-543.01418));
#3757 = VECTOR('',#3758,1.);
#3758 = DIRECTION('',(-0.5,-0.866025403784,0.));
#3759 = ORIENTED_EDGE('',*,*,#3491,.T.);
#3760 = ORIENTED_EDGE('',*,*,#3500,.T.);
#3761 = PLANE('',#3762);
#3762 = AXIS2_PLACEMENT_3D('',#3763,#3764,#3765);
#3763 = CARTESIAN_POINT('',(-17.2961009475,-25.24602561392,-543.01418));
#3764 = DIRECTION('',(0.,0.,1.));
#3765 = DIRECTION('',(-0.5,-0.866025403784,0.));
#3766 = ADVANCED_FACE('',(#3767),#3786,.T.);
#3767 = FACE_BOUND('',#3768,.T.);
#3768 = EDGE_LOOP('',(#3769,#3777,#3783,#3784,#3785));
#3769 = ORIENTED_EDGE('',*,*,#3770,.F.);
#3770 = EDGE_CURVE('',#3771,#3566,#3773,.T.);
#3771 = VERTEX_POINT('',#3772);
#3772 = CARTESIAN_POINT('',(-18.77870549942,-27.81397202537,-547.58618)
  );
#3773 = LINE('',#3774,#3775);
#3774 = CARTESIAN_POINT('',(-17.2961009475,-25.24602561392,-547.58618));
#3775 = VECTOR('',#3776,1.);
#3776 = DIRECTION('',(-0.5,-0.866025403784,0.));
#3777 = ORIENTED_EDGE('',*,*,#3778,.T.);
#3778 = EDGE_CURVE('',#3771,#3746,#3779,.T.);
#3779 = LINE('',#3780,#3781);
#3780 = CARTESIAN_POINT('',(-18.77870549942,-27.81397202537,-547.58618)
  );
#3781 = VECTOR('',#3782,1.);
#3782 = DIRECTION('',(0.,0.,1.));
#3783 = ORIENTED_EDGE('',*,*,#3754,.T.);
#3784 = ORIENTED_EDGE('',*,*,#3483,.F.);
#3785 = ORIENTED_EDGE('',*,*,#3574,.F.);
#3786 = PLANE('',#3787);
#3787 = AXIS2_PLACEMENT_3D('',#3788,#3789,#3790);
#3788 = CARTESIAN_POINT('',(-17.2961009475,-25.24602561392,-547.58618));
#3789 = DIRECTION('',(0.866025403784,-0.5,0.));
#3790 = DIRECTION('',(0.,0.,1.));
#3791 = ADVANCED_FACE('',(#3792),#3818,.F.);
#3792 = FACE_BOUND('',#3793,.F.);
#3793 = EDGE_LOOP('',(#3794,#3802,#3810,#3816,#3817));
#3794 = ORIENTED_EDGE('',*,*,#3795,.F.);
#3795 = EDGE_CURVE('',#3796,#3525,#3798,.T.);
#3796 = VERTEX_POINT('',#3797);
#3797 = CARTESIAN_POINT('',(-18.77870549942,27.813972025376,-547.58618)
  );
#3798 = LINE('',#3799,#3800);
#3799 = CARTESIAN_POINT('',(-17.2961009475,25.24602561392,-547.58618));
#3800 = VECTOR('',#3801,1.);
#3801 = DIRECTION('',(-0.5,0.866025403784,0.));
#3802 = ORIENTED_EDGE('',*,*,#3803,.T.);
#3803 = EDGE_CURVE('',#3796,#3804,#3806,.T.);
#3804 = VERTEX_POINT('',#3805);
#3805 = CARTESIAN_POINT('',(-18.77870549942,27.813972025376,-543.01418)
  );
#3806 = LINE('',#3807,#3808);
#3807 = CARTESIAN_POINT('',(-18.77870549942,27.813972025376,-547.58618)
  );
#3808 = VECTOR('',#3809,1.);
#3809 = DIRECTION('',(0.,0.,1.));
#3810 = ORIENTED_EDGE('',*,*,#3811,.T.);
#3811 = EDGE_CURVE('',#3804,#3468,#3812,.T.);
#3812 = LINE('',#3813,#3814);
#3813 = CARTESIAN_POINT('',(-17.2961009475,25.24602561392,-543.01418));
#3814 = VECTOR('',#3815,1.);
#3815 = DIRECTION('',(-0.5,0.866025403784,0.));
#3816 = ORIENTED_EDGE('',*,*,#3476,.F.);
#3817 = ORIENTED_EDGE('',*,*,#3524,.F.);
#3818 = PLANE('',#3819);
#3819 = AXIS2_PLACEMENT_3D('',#3820,#3821,#3822);
#3820 = CARTESIAN_POINT('',(-17.2961009475,25.24602561392,-547.58618));
#3821 = DIRECTION('',(-0.866025403784,-0.5,0.));
#3822 = DIRECTION('',(0.,0.,1.));
#3823 = ADVANCED_FACE('',(#3824),#3844,.F.);
#3824 = FACE_BOUND('',#3825,.F.);
#3825 = EDGE_LOOP('',(#3826,#3827,#3836,#3842,#3843));
#3826 = ORIENTED_EDGE('',*,*,#3811,.F.);
#3827 = ORIENTED_EDGE('',*,*,#3828,.F.);
#3828 = EDGE_CURVE('',#3829,#3804,#3831,.T.);
#3829 = VERTEX_POINT('',#3830);
#3830 = CARTESIAN_POINT('',(-14.69825360441,30.169822025376,-543.01418)
  );
#3831 = CIRCLE('',#3832,33.55975);
#3832 = AXIS2_PLACEMENT_3D('',#3833,#3834,#3835);
#3833 = CARTESIAN_POINT('',(0.,0.,-543.01418));
#3834 = DIRECTION('',(0.,0.,1.));
#3835 = DIRECTION('',(1.,0.,0.));
#3836 = ORIENTED_EDGE('',*,*,#3837,.T.);
#3837 = EDGE_CURVE('',#3829,#3451,#3838,.T.);
#3838 = LINE('',#3839,#3840);
#3839 = CARTESIAN_POINT('',(-13.21564905249,27.60187561392,-543.01418));
#3840 = VECTOR('',#3841,1.);
#3841 = DIRECTION('',(-0.5,0.866025403784,0.));
#3842 = ORIENTED_EDGE('',*,*,#3458,.T.);
#3843 = ORIENTED_EDGE('',*,*,#3467,.T.);
#3844 = PLANE('',#3845);
#3845 = AXIS2_PLACEMENT_3D('',#3846,#3847,#3848);
#3846 = CARTESIAN_POINT('',(-13.21564905249,27.60187561392,-543.01418));
#3847 = DIRECTION('',(0.,0.,1.));
#3848 = DIRECTION('',(-0.5,0.866025403784,0.));
#3849 = ADVANCED_FACE('',(#3850),#3869,.T.);
#3850 = FACE_BOUND('',#3851,.T.);
#3851 = EDGE_LOOP('',(#3852,#3860,#3866,#3867,#3868));
#3852 = ORIENTED_EDGE('',*,*,#3853,.F.);
#3853 = EDGE_CURVE('',#3854,#3533,#3856,.T.);
#3854 = VERTEX_POINT('',#3855);
#3855 = CARTESIAN_POINT('',(-14.69825360441,30.169822025376,-547.58618)
  );
#3856 = LINE('',#3857,#3858);
#3857 = CARTESIAN_POINT('',(-13.21564905249,27.60187561392,-547.58618));
#3858 = VECTOR('',#3859,1.);
#3859 = DIRECTION('',(-0.5,0.866025403784,0.));
#3860 = ORIENTED_EDGE('',*,*,#3861,.T.);
#3861 = EDGE_CURVE('',#3854,#3829,#3862,.T.);
#3862 = LINE('',#3863,#3864);
#3863 = CARTESIAN_POINT('',(-14.69825360441,30.169822025376,-547.58618)
  );
#3864 = VECTOR('',#3865,1.);
#3865 = DIRECTION('',(0.,0.,1.));
#3866 = ORIENTED_EDGE('',*,*,#3837,.T.);
#3867 = ORIENTED_EDGE('',*,*,#3450,.F.);
#3868 = ORIENTED_EDGE('',*,*,#3541,.F.);
#3869 = PLANE('',#3870);
#3870 = AXIS2_PLACEMENT_3D('',#3871,#3872,#3873);
#3871 = CARTESIAN_POINT('',(-13.21564905249,27.60187561392,-547.58618));
#3872 = DIRECTION('',(-0.866025403784,-0.5,0.));
#3873 = DIRECTION('',(0.,0.,1.));
#3874 = ADVANCED_FACE('',(#3875),#3897,.F.);
#3875 = FACE_BOUND('',#3876,.F.);
#3876 = EDGE_LOOP('',(#3877,#3878,#3887,#3894,#3895,#3896));
#3877 = ORIENTED_EDGE('',*,*,#3615,.F.);
#3878 = ORIENTED_EDGE('',*,*,#3879,.F.);
#3879 = EDGE_CURVE('',#3880,#3608,#3882,.T.);
#3880 = VERTEX_POINT('',#3881);
#3881 = CARTESIAN_POINT('',(33.55975,-8.219768083537E-15,-543.01418));
#3882 = CIRCLE('',#3883,33.55975);
#3883 = AXIS2_PLACEMENT_3D('',#3884,#3885,#3886);
#3884 = CARTESIAN_POINT('',(0.,0.,-543.01418));
#3885 = DIRECTION('',(0.,0.,1.));
#3886 = DIRECTION('',(1.,0.,0.));
#3887 = ORIENTED_EDGE('',*,*,#3888,.F.);
#3888 = EDGE_CURVE('',#3640,#3880,#3889,.T.);
#3889 = CIRCLE('',#3890,33.55975);
#3890 = AXIS2_PLACEMENT_3D('',#3891,#3892,#3893);
#3891 = CARTESIAN_POINT('',(0.,0.,-543.01418));
#3892 = DIRECTION('',(0.,0.,1.));
#3893 = DIRECTION('',(1.,0.,0.));
#3894 = ORIENTED_EDGE('',*,*,#3647,.T.);
#3895 = ORIENTED_EDGE('',*,*,#3409,.T.);
#3896 = ORIENTED_EDGE('',*,*,#3434,.T.);
#3897 = PLANE('',#3898);
#3898 = AXIS2_PLACEMENT_3D('',#3899,#3900,#3901);
#3899 = CARTESIAN_POINT('',(30.51175,-2.35585,-543.01418));
#3900 = DIRECTION('',(0.,0.,1.));
#3901 = DIRECTION('',(1.,0.,0.));
#3902 = ADVANCED_FACE('',(#3903,#3906),#3917,.T.);
#3903 = FACE_BOUND('',#3904,.T.);
#3904 = EDGE_LOOP('',(#3905));
#3905 = ORIENTED_EDGE('',*,*,#3426,.T.);
#3906 = FACE_BOUND('',#3907,.T.);
#3907 = EDGE_LOOP('',(#3908));
#3908 = ORIENTED_EDGE('',*,*,#3909,.F.);
#3909 = EDGE_CURVE('',#3910,#3910,#3912,.T.);
#3910 = VERTEX_POINT('',#3911);
#3911 = CARTESIAN_POINT('',(33.55975,-8.219768083537E-15,-541.23618));
#3912 = CIRCLE('',#3913,33.55975);
#3913 = AXIS2_PLACEMENT_3D('',#3914,#3915,#3916);
#3914 = CARTESIAN_POINT('',(0.,0.,-541.23618));
#3915 = DIRECTION('',(0.,0.,1.));
#3916 = DIRECTION('',(1.,0.,0.));
#3917 = PLANE('',#3918);
#3918 = AXIS2_PLACEMENT_3D('',#3919,#3920,#3921);
#3919 = CARTESIAN_POINT('',(0.,0.,-541.23618));
#3920 = DIRECTION('',(0.,0.,1.));
#3921 = DIRECTION('',(1.,0.,0.));
#3922 = ADVANCED_FACE('',(#3923),#3935,.F.);
#3923 = FACE_BOUND('',#3924,.F.);
#3924 = EDGE_LOOP('',(#3925,#3932,#3933,#3934));
#3925 = ORIENTED_EDGE('',*,*,#3926,.F.);
#3926 = EDGE_CURVE('',#3600,#3854,#3927,.T.);
#3927 = CIRCLE('',#3928,33.55975);
#3928 = AXIS2_PLACEMENT_3D('',#3929,#3930,#3931);
#3929 = CARTESIAN_POINT('',(0.,0.,-547.58618));
#3930 = DIRECTION('',(0.,0.,1.));
#3931 = DIRECTION('',(1.,0.,0.));
#3932 = ORIENTED_EDGE('',*,*,#3599,.T.);
#3933 = ORIENTED_EDGE('',*,*,#3696,.T.);
#3934 = ORIENTED_EDGE('',*,*,#3853,.F.);
#3935 = PLANE('',#3936);
#3936 = AXIS2_PLACEMENT_3D('',#3937,#3938,#3939);
#3937 = CARTESIAN_POINT('',(0.,0.,-547.58618));
#3938 = DIRECTION('',(0.,0.,1.));
#3939 = DIRECTION('',(1.,0.,0.));
#3940 = ADVANCED_FACE('',(#3941),#3976,.F.);
#3941 = FACE_BOUND('',#3942,.F.);
#3942 = EDGE_LOOP('',(#3943,#3944,#3945,#3951,#3952,#3953,#3954,#3955,
    #3956,#3957,#3958,#3959,#3966,#3967,#3968,#3969));
#3943 = ORIENTED_EDGE('',*,*,#3639,.T.);
#3944 = ORIENTED_EDGE('',*,*,#3888,.T.);
#3945 = ORIENTED_EDGE('',*,*,#3946,.T.);
#3946 = EDGE_CURVE('',#3880,#3910,#3947,.T.);
#3947 = LINE('',#3948,#3949);
#3948 = CARTESIAN_POINT('',(33.55975,-8.219768083537E-15,-547.58618));
#3949 = VECTOR('',#3950,1.);
#3950 = DIRECTION('',(0.,0.,1.));
#3951 = ORIENTED_EDGE('',*,*,#3909,.F.);
#3952 = ORIENTED_EDGE('',*,*,#3946,.F.);
#3953 = ORIENTED_EDGE('',*,*,#3879,.T.);
#3954 = ORIENTED_EDGE('',*,*,#3607,.F.);
#3955 = ORIENTED_EDGE('',*,*,#3926,.T.);
#3956 = ORIENTED_EDGE('',*,*,#3861,.T.);
#3957 = ORIENTED_EDGE('',*,*,#3828,.T.);
#3958 = ORIENTED_EDGE('',*,*,#3803,.F.);
#3959 = ORIENTED_EDGE('',*,*,#3960,.T.);
#3960 = EDGE_CURVE('',#3796,#3771,#3961,.T.);
#3961 = CIRCLE('',#3962,33.55975);
#3962 = AXIS2_PLACEMENT_3D('',#3963,#3964,#3965);
#3963 = CARTESIAN_POINT('',(0.,0.,-547.58618));
#3964 = DIRECTION('',(0.,0.,1.));
#3965 = DIRECTION('',(1.,0.,0.));
#3966 = ORIENTED_EDGE('',*,*,#3778,.T.);
#3967 = ORIENTED_EDGE('',*,*,#3745,.T.);
#3968 = ORIENTED_EDGE('',*,*,#3720,.F.);
#3969 = ORIENTED_EDGE('',*,*,#3970,.T.);
#3970 = EDGE_CURVE('',#3713,#3632,#3971,.T.);
#3971 = CIRCLE('',#3972,33.55975);
#3972 = AXIS2_PLACEMENT_3D('',#3973,#3974,#3975);
#3973 = CARTESIAN_POINT('',(0.,0.,-547.58618));
#3974 = DIRECTION('',(0.,0.,1.));
#3975 = DIRECTION('',(1.,0.,0.));
#3976 = CYLINDRICAL_SURFACE('',#3977,33.55975);
#3977 = AXIS2_PLACEMENT_3D('',#3978,#3979,#3980);
#3978 = CARTESIAN_POINT('',(0.,0.,-547.58618));
#3979 = DIRECTION('',(0.,0.,1.));
#3980 = DIRECTION('',(1.,0.,0.));
#3981 = ADVANCED_FACE('',(#3982),#3988,.F.);
#3982 = FACE_BOUND('',#3983,.F.);
#3983 = EDGE_LOOP('',(#3984,#3985,#3986,#3987));
#3984 = ORIENTED_EDGE('',*,*,#3970,.F.);
#3985 = ORIENTED_EDGE('',*,*,#3712,.T.);
#3986 = ORIENTED_EDGE('',*,*,#3680,.T.);
#3987 = ORIENTED_EDGE('',*,*,#3631,.F.);
#3988 = PLANE('',#3989);
#3989 = AXIS2_PLACEMENT_3D('',#3990,#3991,#3992);
#3990 = CARTESIAN_POINT('',(0.,0.,-547.58618));
#3991 = DIRECTION('',(0.,0.,1.));
#3992 = DIRECTION('',(1.,0.,0.));
#3993 = ADVANCED_FACE('',(#3994),#4000,.F.);
#3994 = FACE_BOUND('',#3995,.F.);
#3995 = EDGE_LOOP('',(#3996,#3997,#3998,#3999));
#3996 = ORIENTED_EDGE('',*,*,#3960,.F.);
#3997 = ORIENTED_EDGE('',*,*,#3795,.T.);
#3998 = ORIENTED_EDGE('',*,*,#3688,.T.);
#3999 = ORIENTED_EDGE('',*,*,#3770,.F.);
#4000 = PLANE('',#4001);
#4001 = AXIS2_PLACEMENT_3D('',#4002,#4003,#4004);
#4002 = CARTESIAN_POINT('',(0.,0.,-547.58618));
#4003 = DIRECTION('',(0.,0.,1.));
#4004 = DIRECTION('',(1.,0.,0.));
#4005 = ADVANCED_FACE('',(#4006),#4009,.T.);
#4006 = FACE_BOUND('',#4007,.F.);
#4007 = EDGE_LOOP('',(#4008));
#4008 = ORIENTED_EDGE('',*,*,#3671,.F.);
#4009 = PLANE('',#4010);
#4010 = AXIS2_PLACEMENT_3D('',#4011,#4012,#4013);
#4011 = CARTESIAN_POINT('',(0.,0.,-597.62418));
#4012 = DIRECTION('',(0.,0.,1.));
#4013 = DIRECTION('',(1.,0.,0.));
#4014 = MANIFOLD_SOLID_BREP('',#4015);
#4015 = CLOSED_SHELL('',(#4016,#4049,#4069,#4089));
#4016 = ADVANCED_FACE('',(#4017),#4044,.T.);
#4017 = FACE_BOUND('',#4018,.T.);
#4018 = EDGE_LOOP('',(#4019,#4028,#4036,#4043));
#4019 = ORIENTED_EDGE('',*,*,#4020,.F.);
#4020 = EDGE_CURVE('',#4021,#4021,#4023,.T.);
#4021 = VERTEX_POINT('',#4022);
#4022 = CARTESIAN_POINT('',(34.29,-8.398627748553E-15,-612.38618));
#4023 = CIRCLE('',#4024,34.29);
#4024 = AXIS2_PLACEMENT_3D('',#4025,#4026,#4027);
#4025 = CARTESIAN_POINT('',(0.,0.,-612.38618));
#4026 = DIRECTION('',(0.,0.,1.));
#4027 = DIRECTION('',(1.,0.,0.));
#4028 = ORIENTED_EDGE('',*,*,#4029,.F.);
#4029 = EDGE_CURVE('',#4030,#4021,#4032,.T.);
#4030 = VERTEX_POINT('',#4031);
#4031 = CARTESIAN_POINT('',(34.29,-8.398627748553E-15,-614.57058));
#4032 = LINE('',#4033,#4034);
#4033 = CARTESIAN_POINT('',(34.29,-8.398627748553E-15,-614.57058));
#4034 = VECTOR('',#4035,1.);
#4035 = DIRECTION('',(0.,0.,1.));
#4036 = ORIENTED_EDGE('',*,*,#4037,.T.);
#4037 = EDGE_CURVE('',#4030,#4030,#4038,.T.);
#4038 = CIRCLE('',#4039,34.29);
#4039 = AXIS2_PLACEMENT_3D('',#4040,#4041,#4042);
#4040 = CARTESIAN_POINT('',(0.,0.,-614.57058));
#4041 = DIRECTION('',(0.,0.,1.));
#4042 = DIRECTION('',(1.,0.,0.));
#4043 = ORIENTED_EDGE('',*,*,#4029,.T.);
#4044 = CYLINDRICAL_SURFACE('',#4045,34.29);
#4045 = AXIS2_PLACEMENT_3D('',#4046,#4047,#4048);
#4046 = CARTESIAN_POINT('',(0.,0.,-614.57058));
#4047 = DIRECTION('',(0.,0.,1.));
#4048 = DIRECTION('',(1.,0.,0.));
#4049 = ADVANCED_FACE('',(#4050,#4053),#4064,.T.);
#4050 = FACE_BOUND('',#4051,.T.);
#4051 = EDGE_LOOP('',(#4052));
#4052 = ORIENTED_EDGE('',*,*,#4020,.T.);
#4053 = FACE_BOUND('',#4054,.T.);
#4054 = EDGE_LOOP('',(#4055));
#4055 = ORIENTED_EDGE('',*,*,#4056,.F.);
#4056 = EDGE_CURVE('',#4057,#4057,#4059,.T.);
#4057 = VERTEX_POINT('',#4058);
#4058 = CARTESIAN_POINT('',(1.87325,-4.588139233006E-16,-612.38618));
#4059 = CIRCLE('',#4060,1.87325);
#4060 = AXIS2_PLACEMENT_3D('',#4061,#4062,#4063);
#4061 = CARTESIAN_POINT('',(0.,0.,-612.38618));
#4062 = DIRECTION('',(0.,0.,1.));
#4063 = DIRECTION('',(1.,0.,0.));
#4064 = PLANE('',#4065);
#4065 = AXIS2_PLACEMENT_3D('',#4066,#4067,#4068);
#4066 = CARTESIAN_POINT('',(0.,0.,-612.38618));
#4067 = DIRECTION('',(0.,0.,1.));
#4068 = DIRECTION('',(1.,0.,0.));
#4069 = ADVANCED_FACE('',(#4070,#4073),#4084,.F.);
#4070 = FACE_BOUND('',#4071,.F.);
#4071 = EDGE_LOOP('',(#4072));
#4072 = ORIENTED_EDGE('',*,*,#4037,.T.);
#4073 = FACE_BOUND('',#4074,.F.);
#4074 = EDGE_LOOP('',(#4075));
#4075 = ORIENTED_EDGE('',*,*,#4076,.F.);
#4076 = EDGE_CURVE('',#4077,#4077,#4079,.T.);
#4077 = VERTEX_POINT('',#4078);
#4078 = CARTESIAN_POINT('',(1.87325,-4.588139233006E-16,-614.57058));
#4079 = CIRCLE('',#4080,1.87325);
#4080 = AXIS2_PLACEMENT_3D('',#4081,#4082,#4083);
#4081 = CARTESIAN_POINT('',(0.,0.,-614.57058));
#4082 = DIRECTION('',(0.,0.,1.));
#4083 = DIRECTION('',(1.,0.,0.));
#4084 = PLANE('',#4085);
#4085 = AXIS2_PLACEMENT_3D('',#4086,#4087,#4088);
#4086 = CARTESIAN_POINT('',(0.,0.,-614.57058));
#4087 = DIRECTION('',(0.,0.,1.));
#4088 = DIRECTION('',(1.,0.,0.));
#4089 = ADVANCED_FACE('',(#4090),#4101,.F.);
#4090 = FACE_BOUND('',#4091,.F.);
#4091 = EDGE_LOOP('',(#4092,#4093,#4099,#4100));
#4092 = ORIENTED_EDGE('',*,*,#4056,.F.);
#4093 = ORIENTED_EDGE('',*,*,#4094,.F.);
#4094 = EDGE_CURVE('',#4077,#4057,#4095,.T.);
#4095 = LINE('',#4096,#4097);
#4096 = CARTESIAN_POINT('',(1.87325,-4.588139233006E-16,-616.75498));
#4097 = VECTOR('',#4098,1.);
#4098 = DIRECTION('',(0.,0.,1.));
#4099 = ORIENTED_EDGE('',*,*,#4076,.T.);
#4100 = ORIENTED_EDGE('',*,*,#4094,.T.);
#4101 = CYLINDRICAL_SURFACE('',#4102,1.87325);
#4102 = AXIS2_PLACEMENT_3D('',#4103,#4104,#4105);
#4103 = CARTESIAN_POINT('',(0.,0.,-616.75498));
#4104 = DIRECTION('',(0.,0.,1.));
#4105 = DIRECTION('',(1.,0.,0.));
#4106 = MANIFOLD_SOLID_BREP('',#4107);
#4107 = CLOSED_SHELL('',(#4108,#4141,#4161,#4170,#4195));
#4108 = ADVANCED_FACE('',(#4109),#4136,.T.);
#4109 = FACE_BOUND('',#4110,.T.);
#4110 = EDGE_LOOP('',(#4111,#4120,#4128,#4135));
#4111 = ORIENTED_EDGE('',*,*,#4112,.F.);
#4112 = EDGE_CURVE('',#4113,#4113,#4115,.T.);
#4113 = VERTEX_POINT('',#4114);
#4114 = CARTESIAN_POINT('',(152.4003,-5.879039423987E-16,-3.556));
#4115 = CIRCLE('',#4116,2.4003);
#4116 = AXIS2_PLACEMENT_3D('',#4117,#4118,#4119);
#4117 = CARTESIAN_POINT('',(150.,0.,-3.556));
#4118 = DIRECTION('',(0.,0.,1.));
#4119 = DIRECTION('',(1.,0.,0.));
#4120 = ORIENTED_EDGE('',*,*,#4121,.F.);
#4121 = EDGE_CURVE('',#4122,#4113,#4124,.T.);
#4122 = VERTEX_POINT('',#4123);
#4123 = CARTESIAN_POINT('',(152.4003,-5.879039423987E-16,-82.042));
#4124 = LINE('',#4125,#4126);
#4125 = CARTESIAN_POINT('',(152.4003,-5.879039423987E-16,-82.042));
#4126 = VECTOR('',#4127,1.);
#4127 = DIRECTION('',(0.,0.,1.));
#4128 = ORIENTED_EDGE('',*,*,#4129,.T.);
#4129 = EDGE_CURVE('',#4122,#4122,#4130,.T.);
#4130 = CIRCLE('',#4131,2.4003);
#4131 = AXIS2_PLACEMENT_3D('',#4132,#4133,#4134);
#4132 = CARTESIAN_POINT('',(150.,0.,-82.042));
#4133 = DIRECTION('',(0.,0.,1.));
#4134 = DIRECTION('',(1.,0.,0.));
#4135 = ORIENTED_EDGE('',*,*,#4121,.T.);
#4136 = CYLINDRICAL_SURFACE('',#4137,2.4003);
#4137 = AXIS2_PLACEMENT_3D('',#4138,#4139,#4140);
#4138 = CARTESIAN_POINT('',(150.,0.,-82.042));
#4139 = DIRECTION('',(0.,0.,1.));
#4140 = DIRECTION('',(1.,0.,0.));
#4141 = ADVANCED_FACE('',(#4142,#4153),#4156,.F.);
#4142 = FACE_BOUND('',#4143,.F.);
#4143 = EDGE_LOOP('',(#4144));
#4144 = ORIENTED_EDGE('',*,*,#4145,.T.);
#4145 = EDGE_CURVE('',#4146,#4146,#4148,.T.);
#4146 = VERTEX_POINT('',#4147);
#4147 = CARTESIAN_POINT('',(154.4704,-1.094932210182E-15,-3.556));
#4148 = CIRCLE('',#4149,4.4704);
#4149 = AXIS2_PLACEMENT_3D('',#4150,#4151,#4152);
#4150 = CARTESIAN_POINT('',(150.,0.,-3.556));
#4151 = DIRECTION('',(0.,0.,1.));
#4152 = DIRECTION('',(1.,0.,0.));
#4153 = FACE_BOUND('',#4154,.F.);
#4154 = EDGE_LOOP('',(#4155));
#4155 = ORIENTED_EDGE('',*,*,#4112,.F.);
#4156 = PLANE('',#4157);
#4157 = AXIS2_PLACEMENT_3D('',#4158,#4159,#4160);
#4158 = CARTESIAN_POINT('',(150.,0.,-3.556));
#4159 = DIRECTION('',(0.,0.,1.));
#4160 = DIRECTION('',(1.,0.,0.));
#4161 = ADVANCED_FACE('',(#4162),#4165,.F.);
#4162 = FACE_BOUND('',#4163,.T.);
#4163 = EDGE_LOOP('',(#4164));
#4164 = ORIENTED_EDGE('',*,*,#4129,.F.);
#4165 = PLANE('',#4166);
#4166 = AXIS2_PLACEMENT_3D('',#4167,#4168,#4169);
#4167 = CARTESIAN_POINT('',(150.,0.,-82.042));
#4168 = DIRECTION('',(0.,0.,1.));
#4169 = DIRECTION('',(1.,0.,0.));
#4170 = ADVANCED_FACE('',(#4171),#4190,.T.);
#4171 = FACE_BOUND('',#4172,.T.);
#4172 = EDGE_LOOP('',(#4173,#4182,#4188,#4189));
#4173 = ORIENTED_EDGE('',*,*,#4174,.F.);
#4174 = EDGE_CURVE('',#4175,#4175,#4177,.T.);
#4175 = VERTEX_POINT('',#4176);
#4176 = CARTESIAN_POINT('',(154.4704,-1.094932210182E-15,0.));
#4177 = CIRCLE('',#4178,4.4704);
#4178 = AXIS2_PLACEMENT_3D('',#4179,#4180,#4181);
#4179 = CARTESIAN_POINT('',(150.,0.,0.));
#4180 = DIRECTION('',(0.,0.,1.));
#4181 = DIRECTION('',(1.,0.,0.));
#4182 = ORIENTED_EDGE('',*,*,#4183,.F.);
#4183 = EDGE_CURVE('',#4146,#4175,#4184,.T.);
#4184 = LINE('',#4185,#4186);
#4185 = CARTESIAN_POINT('',(154.4704,-1.094932210182E-15,-3.556));
#4186 = VECTOR('',#4187,1.);
#4187 = DIRECTION('',(0.,0.,1.));
#4188 = ORIENTED_EDGE('',*,*,#4145,.T.);
#4189 = ORIENTED_EDGE('',*,*,#4183,.T.);
#4190 = CYLINDRICAL_SURFACE('',#4191,4.4704);
#4191 = AXIS2_PLACEMENT_3D('',#4192,#4193,#4194);
#4192 = CARTESIAN_POINT('',(150.,0.,-3.556));
#4193 = DIRECTION('',(0.,0.,1.));
#4194 = DIRECTION('',(1.,0.,0.));
#4195 = ADVANCED_FACE('',(#4196),#4199,.T.);
#4196 = FACE_BOUND('',#4197,.T.);
#4197 = EDGE_LOOP('',(#4198));
#4198 = ORIENTED_EDGE('',*,*,#4174,.T.);
#4199 = PLANE('',#4200);
#4200 = AXIS2_PLACEMENT_3D('',#4201,#4202,#4203);
#4201 = CARTESIAN_POINT('',(150.,0.,0.));
#4202 = DIRECTION('',(0.,0.,1.));
#4203 = DIRECTION('',(1.,0.,0.));
#4204 = MANIFOLD_SOLID_BREP('',#4205);
#4205 = CLOSED_SHELL('',(#4206,#4239,#4248));
#4206 = ADVANCED_FACE('',(#4207),#4234,.T.);
#4207 = FACE_BOUND('',#4208,.T.);
#4208 = EDGE_LOOP('',(#4209,#4218,#4226,#4233));
#4209 = ORIENTED_EDGE('',*,*,#4210,.F.);
#4210 = EDGE_CURVE('',#4211,#4211,#4213,.T.);
#4211 = VERTEX_POINT('',#4212);
#4212 = CARTESIAN_POINT('',(152.3876,-5.847933395288E-16,-92.042));
#4213 = CIRCLE('',#4214,2.3876);
#4214 = AXIS2_PLACEMENT_3D('',#4215,#4216,#4217);
#4215 = CARTESIAN_POINT('',(150.,0.,-92.042));
#4216 = DIRECTION('',(0.,0.,1.));
#4217 = DIRECTION('',(1.,0.,0.));
#4218 = ORIENTED_EDGE('',*,*,#4219,.F.);
#4219 = EDGE_CURVE('',#4220,#4211,#4222,.T.);
#4220 = VERTEX_POINT('',#4221);
#4221 = CARTESIAN_POINT('',(152.3876,-5.847933395288E-16,-141.3688));
#4222 = LINE('',#4223,#4224);
#4223 = CARTESIAN_POINT('',(152.3876,-5.847933395288E-16,-141.3688));
#4224 = VECTOR('',#4225,1.);
#4225 = DIRECTION('',(0.,0.,1.));
#4226 = ORIENTED_EDGE('',*,*,#4227,.T.);
#4227 = EDGE_CURVE('',#4220,#4220,#4228,.T.);
#4228 = CIRCLE('',#4229,2.3876);
#4229 = AXIS2_PLACEMENT_3D('',#4230,#4231,#4232);
#4230 = CARTESIAN_POINT('',(150.,0.,-141.3688));
#4231 = DIRECTION('',(0.,0.,1.));
#4232 = DIRECTION('',(1.,0.,0.));
#4233 = ORIENTED_EDGE('',*,*,#4219,.T.);
#4234 = CYLINDRICAL_SURFACE('',#4235,2.3876);
#4235 = AXIS2_PLACEMENT_3D('',#4236,#4237,#4238);
#4236 = CARTESIAN_POINT('',(150.,0.,-141.3688));
#4237 = DIRECTION('',(0.,0.,1.));
#4238 = DIRECTION('',(1.,0.,0.));
#4239 = ADVANCED_FACE('',(#4240),#4243,.T.);
#4240 = FACE_BOUND('',#4241,.T.);
#4241 = EDGE_LOOP('',(#4242));
#4242 = ORIENTED_EDGE('',*,*,#4210,.T.);
#4243 = PLANE('',#4244);
#4244 = AXIS2_PLACEMENT_3D('',#4245,#4246,#4247);
#4245 = CARTESIAN_POINT('',(150.,0.,-92.042));
#4246 = DIRECTION('',(0.,0.,1.));
#4247 = DIRECTION('',(1.,0.,0.));
#4248 = ADVANCED_FACE('',(#4249),#4252,.F.);
#4249 = FACE_BOUND('',#4250,.T.);
#4250 = EDGE_LOOP('',(#4251));
#4251 = ORIENTED_EDGE('',*,*,#4227,.F.);
#4252 = PLANE('',#4253);
#4253 = AXIS2_PLACEMENT_3D('',#4254,#4255,#4256);
#4254 = CARTESIAN_POINT('',(150.,0.,-141.3688));
#4255 = DIRECTION('',(0.,0.,1.));
#4256 = DIRECTION('',(1.,0.,0.));
#4257 = MANIFOLD_SOLID_BREP('',#4258);
#4258 = CLOSED_SHELL('',(#4259,#4292,#4312,#4332));
#4259 = ADVANCED_FACE('',(#4260),#4287,.T.);
#4260 = FACE_BOUND('',#4261,.T.);
#4261 = EDGE_LOOP('',(#4262,#4271,#4279,#4286));
#4262 = ORIENTED_EDGE('',*,*,#4263,.F.);
#4263 = EDGE_CURVE('',#4264,#4264,#4266,.T.);
#4264 = VERTEX_POINT('',#4265);
#4265 = CARTESIAN_POINT('',(154.78155,-1.171141980493E-15,-151.3688));
#4266 = CIRCLE('',#4267,4.78155);
#4267 = AXIS2_PLACEMENT_3D('',#4268,#4269,#4270);
#4268 = CARTESIAN_POINT('',(150.,0.,-151.3688));
#4269 = DIRECTION('',(0.,0.,1.));
#4270 = DIRECTION('',(1.,0.,0.));
#4271 = ORIENTED_EDGE('',*,*,#4272,.F.);
#4272 = EDGE_CURVE('',#4273,#4264,#4275,.T.);
#4273 = VERTEX_POINT('',#4274);
#4274 = CARTESIAN_POINT('',(154.78155,-1.171141980493E-15,-169.1234));
#4275 = LINE('',#4276,#4277);
#4276 = CARTESIAN_POINT('',(154.78155,-1.171141980493E-15,-169.1234));
#4277 = VECTOR('',#4278,1.);
#4278 = DIRECTION('',(0.,0.,1.));
#4279 = ORIENTED_EDGE('',*,*,#4280,.T.);
#4280 = EDGE_CURVE('',#4273,#4273,#4281,.T.);
#4281 = CIRCLE('',#4282,4.78155);
#4282 = AXIS2_PLACEMENT_3D('',#4283,#4284,#4285);
#4283 = CARTESIAN_POINT('',(150.,0.,-169.1234));
#4284 = DIRECTION('',(0.,0.,1.));
#4285 = DIRECTION('',(1.,0.,0.));
#4286 = ORIENTED_EDGE('',*,*,#4272,.T.);
#4287 = CYLINDRICAL_SURFACE('',#4288,4.78155);
#4288 = AXIS2_PLACEMENT_3D('',#4289,#4290,#4291);
#4289 = CARTESIAN_POINT('',(150.,0.,-169.1234));
#4290 = DIRECTION('',(0.,0.,1.));
#4291 = DIRECTION('',(1.,0.,0.));
#4292 = ADVANCED_FACE('',(#4293,#4296),#4307,.T.);
#4293 = FACE_BOUND('',#4294,.T.);
#4294 = EDGE_LOOP('',(#4295));
#4295 = ORIENTED_EDGE('',*,*,#4263,.T.);
#4296 = FACE_BOUND('',#4297,.T.);
#4297 = EDGE_LOOP('',(#4298));
#4298 = ORIENTED_EDGE('',*,*,#4299,.F.);
#4299 = EDGE_CURVE('',#4300,#4300,#4302,.T.);
#4300 = VERTEX_POINT('',#4301);
#4301 = CARTESIAN_POINT('',(152.5654,-6.283417797065E-16,-151.3688));
#4302 = CIRCLE('',#4303,2.5654);
#4303 = AXIS2_PLACEMENT_3D('',#4304,#4305,#4306);
#4304 = CARTESIAN_POINT('',(150.,0.,-151.3688));
#4305 = DIRECTION('',(0.,0.,1.));
#4306 = DIRECTION('',(1.,0.,0.));
#4307 = PLANE('',#4308);
#4308 = AXIS2_PLACEMENT_3D('',#4309,#4310,#4311);
#4309 = CARTESIAN_POINT('',(150.,0.,-151.3688));
#4310 = DIRECTION('',(0.,0.,1.));
#4311 = DIRECTION('',(1.,0.,0.));
#4312 = ADVANCED_FACE('',(#4313,#4316),#4327,.F.);
#4313 = FACE_BOUND('',#4314,.F.);
#4314 = EDGE_LOOP('',(#4315));
#4315 = ORIENTED_EDGE('',*,*,#4280,.T.);
#4316 = FACE_BOUND('',#4317,.F.);
#4317 = EDGE_LOOP('',(#4318));
#4318 = ORIENTED_EDGE('',*,*,#4319,.F.);
#4319 = EDGE_CURVE('',#4320,#4320,#4322,.T.);
#4320 = VERTEX_POINT('',#4321);
#4321 = CARTESIAN_POINT('',(152.5654,-6.283417797065E-16,-169.1234));
#4322 = CIRCLE('',#4323,2.5654);
#4323 = AXIS2_PLACEMENT_3D('',#4324,#4325,#4326);
#4324 = CARTESIAN_POINT('',(150.,0.,-169.1234));
#4325 = DIRECTION('',(0.,0.,1.));
#4326 = DIRECTION('',(1.,0.,0.));
#4327 = PLANE('',#4328);
#4328 = AXIS2_PLACEMENT_3D('',#4329,#4330,#4331);
#4329 = CARTESIAN_POINT('',(150.,0.,-169.1234));
#4330 = DIRECTION('',(0.,0.,1.));
#4331 = DIRECTION('',(1.,0.,0.));
#4332 = ADVANCED_FACE('',(#4333),#4344,.F.);
#4333 = FACE_BOUND('',#4334,.F.);
#4334 = EDGE_LOOP('',(#4335,#4336,#4342,#4343));
#4335 = ORIENTED_EDGE('',*,*,#4299,.F.);
#4336 = ORIENTED_EDGE('',*,*,#4337,.F.);
#4337 = EDGE_CURVE('',#4320,#4300,#4338,.T.);
#4338 = LINE('',#4339,#4340);
#4339 = CARTESIAN_POINT('',(152.5654,-6.283417797065E-16,-169.1234));
#4340 = VECTOR('',#4341,1.);
#4341 = DIRECTION('',(0.,0.,1.));
#4342 = ORIENTED_EDGE('',*,*,#4319,.T.);
#4343 = ORIENTED_EDGE('',*,*,#4337,.T.);
#4344 = CYLINDRICAL_SURFACE('',#4345,2.5654);
#4345 = AXIS2_PLACEMENT_3D('',#4346,#4347,#4348);
#4346 = CARTESIAN_POINT('',(150.,0.,-169.1234));
#4347 = DIRECTION('',(0.,0.,1.));
#4348 = DIRECTION('',(1.,0.,0.));
#4349 = MANIFOLD_SOLID_BREP('',#4350);
#4350 = CLOSED_SHELL('',(#4351,#4384,#4404,#4424));
#4351 = ADVANCED_FACE('',(#4352),#4379,.T.);
#4352 = FACE_BOUND('',#4353,.T.);
#4353 = EDGE_LOOP('',(#4354,#4363,#4371,#4378));
#4354 = ORIENTED_EDGE('',*,*,#4355,.F.);
#4355 = EDGE_CURVE('',#4356,#4356,#4358,.T.);
#4356 = VERTEX_POINT('',#4357);
#4357 = CARTESIAN_POINT('',(155.56895,-1.363999358422E-15,-179.1234));
#4358 = CIRCLE('',#4359,5.56895);
#4359 = AXIS2_PLACEMENT_3D('',#4360,#4361,#4362);
#4360 = CARTESIAN_POINT('',(150.,0.,-179.1234));
#4361 = DIRECTION('',(0.,0.,1.));
#4362 = DIRECTION('',(1.,0.,0.));
#4363 = ORIENTED_EDGE('',*,*,#4364,.F.);
#4364 = EDGE_CURVE('',#4365,#4356,#4367,.T.);
#4365 = VERTEX_POINT('',#4366);
#4366 = CARTESIAN_POINT('',(155.56895,-1.363999358422E-15,-180.1775));
#4367 = LINE('',#4368,#4369);
#4368 = CARTESIAN_POINT('',(155.56895,-1.363999358422E-15,-180.1775));
#4369 = VECTOR('',#4370,1.);
#4370 = DIRECTION('',(0.,0.,1.));
#4371 = ORIENTED_EDGE('',*,*,#4372,.T.);
#4372 = EDGE_CURVE('',#4365,#4365,#4373,.T.);
#4373 = CIRCLE('',#4374,5.56895);
#4374 = AXIS2_PLACEMENT_3D('',#4375,#4376,#4377);
#4375 = CARTESIAN_POINT('',(150.,0.,-180.1775));
#4376 = DIRECTION('',(0.,0.,1.));
#4377 = DIRECTION('',(1.,0.,0.));
#4378 = ORIENTED_EDGE('',*,*,#4364,.T.);
#4379 = CYLINDRICAL_SURFACE('',#4380,5.56895);
#4380 = AXIS2_PLACEMENT_3D('',#4381,#4382,#4383);
#4381 = CARTESIAN_POINT('',(150.,0.,-180.1775));
#4382 = DIRECTION('',(0.,0.,1.));
#4383 = DIRECTION('',(1.,0.,0.));
#4384 = ADVANCED_FACE('',(#4385,#4388),#4399,.T.);
#4385 = FACE_BOUND('',#4386,.T.);
#4386 = EDGE_LOOP('',(#4387));
#4387 = ORIENTED_EDGE('',*,*,#4355,.T.);
#4388 = FACE_BOUND('',#4389,.T.);
#4389 = EDGE_LOOP('',(#4390));
#4390 = ORIENTED_EDGE('',*,*,#4391,.F.);
#4391 = EDGE_CURVE('',#4392,#4392,#4394,.T.);
#4392 = VERTEX_POINT('',#4393);
#4393 = CARTESIAN_POINT('',(151.9939,-4.88364650564E-16,-179.1234));
#4394 = CIRCLE('',#4395,1.9939);
#4395 = AXIS2_PLACEMENT_3D('',#4396,#4397,#4398);
#4396 = CARTESIAN_POINT('',(150.,0.,-179.1234));
#4397 = DIRECTION('',(0.,0.,1.));
#4398 = DIRECTION('',(1.,0.,0.));
#4399 = PLANE('',#4400);
#4400 = AXIS2_PLACEMENT_3D('',#4401,#4402,#4403);
#4401 = CARTESIAN_POINT('',(150.,0.,-179.1234));
#4402 = DIRECTION('',(0.,0.,1.));
#4403 = DIRECTION('',(1.,0.,0.));
#4404 = ADVANCED_FACE('',(#4405,#4408),#4419,.F.);
#4405 = FACE_BOUND('',#4406,.F.);
#4406 = EDGE_LOOP('',(#4407));
#4407 = ORIENTED_EDGE('',*,*,#4372,.T.);
#4408 = FACE_BOUND('',#4409,.F.);
#4409 = EDGE_LOOP('',(#4410));
#4410 = ORIENTED_EDGE('',*,*,#4411,.F.);
#4411 = EDGE_CURVE('',#4412,#4412,#4414,.T.);
#4412 = VERTEX_POINT('',#4413);
#4413 = CARTESIAN_POINT('',(151.9939,-4.88364650564E-16,-180.1775));
#4414 = CIRCLE('',#4415,1.9939);
#4415 = AXIS2_PLACEMENT_3D('',#4416,#4417,#4418);
#4416 = CARTESIAN_POINT('',(150.,0.,-180.1775));
#4417 = DIRECTION('',(0.,0.,1.));
#4418 = DIRECTION('',(1.,0.,0.));
#4419 = PLANE('',#4420);
#4420 = AXIS2_PLACEMENT_3D('',#4421,#4422,#4423);
#4421 = CARTESIAN_POINT('',(150.,0.,-180.1775));
#4422 = DIRECTION('',(0.,0.,1.));
#4423 = DIRECTION('',(1.,0.,0.));
#4424 = ADVANCED_FACE('',(#4425),#4436,.F.);
#4425 = FACE_BOUND('',#4426,.F.);
#4426 = EDGE_LOOP('',(#4427,#4428,#4434,#4435));
#4427 = ORIENTED_EDGE('',*,*,#4391,.F.);
#4428 = ORIENTED_EDGE('',*,*,#4429,.F.);
#4429 = EDGE_CURVE('',#4412,#4392,#4430,.T.);
#4430 = LINE('',#4431,#4432);
#4431 = CARTESIAN_POINT('',(151.9939,-4.88364650564E-16,-180.1775));
#4432 = VECTOR('',#4433,1.);
#4433 = DIRECTION('',(0.,0.,1.));
#4434 = ORIENTED_EDGE('',*,*,#4411,.T.);
#4435 = ORIENTED_EDGE('',*,*,#4429,.T.);
#4436 = CYLINDRICAL_SURFACE('',#4437,1.9939);
#4437 = AXIS2_PLACEMENT_3D('',#4438,#4439,#4440);
#4438 = CARTESIAN_POINT('',(150.,0.,-180.1775));
#4439 = DIRECTION('',(0.,0.,1.));
#4440 = DIRECTION('',(1.,0.,0.));
#4441 = MANIFOLD_SOLID_BREP('',#4442);
#4442 = CLOSED_SHELL('',(#4443,#4476,#4485));
#4443 = ADVANCED_FACE('',(#4444),#4471,.T.);
#4444 = FACE_BOUND('',#4445,.T.);
#4445 = EDGE_LOOP('',(#4446,#4455,#4463,#4470));
#4446 = ORIENTED_EDGE('',*,*,#4447,.F.);
#4447 = EDGE_CURVE('',#4448,#4448,#4450,.T.);
#4448 = VERTEX_POINT('',#4449);
#4449 = CARTESIAN_POINT('',(153.175,-7.776507174586E-16,-190.1775));
#4450 = CIRCLE('',#4451,3.175);
#4451 = AXIS2_PLACEMENT_3D('',#4452,#4453,#4454);
#4452 = CARTESIAN_POINT('',(150.,0.,-190.1775));
#4453 = DIRECTION('',(0.,0.,1.));
#4454 = DIRECTION('',(1.,0.,0.));
#4455 = ORIENTED_EDGE('',*,*,#4456,.F.);
#4456 = EDGE_CURVE('',#4457,#4448,#4459,.T.);
#4457 = VERTEX_POINT('',#4458);
#4458 = CARTESIAN_POINT('',(153.175,-7.776507174586E-16,-194.8765));
#4459 = LINE('',#4460,#4461);
#4460 = CARTESIAN_POINT('',(153.175,-7.776507174586E-16,-194.8765));
#4461 = VECTOR('',#4462,1.);
#4462 = DIRECTION('',(0.,0.,1.));
#4463 = ORIENTED_EDGE('',*,*,#4464,.T.);
#4464 = EDGE_CURVE('',#4457,#4457,#4465,.T.);
#4465 = CIRCLE('',#4466,3.175);
#4466 = AXIS2_PLACEMENT_3D('',#4467,#4468,#4469);
#4467 = CARTESIAN_POINT('',(150.,0.,-194.8765));
#4468 = DIRECTION('',(0.,0.,1.));
#4469 = DIRECTION('',(1.,0.,0.));
#4470 = ORIENTED_EDGE('',*,*,#4456,.T.);
#4471 = CYLINDRICAL_SURFACE('',#4472,3.175);
#4472 = AXIS2_PLACEMENT_3D('',#4473,#4474,#4475);
#4473 = CARTESIAN_POINT('',(150.,0.,-194.8765));
#4474 = DIRECTION('',(0.,0.,1.));
#4475 = DIRECTION('',(1.,0.,0.));
#4476 = ADVANCED_FACE('',(#4477),#4480,.T.);
#4477 = FACE_BOUND('',#4478,.T.);
#4478 = EDGE_LOOP('',(#4479));
#4479 = ORIENTED_EDGE('',*,*,#4447,.T.);
#4480 = PLANE('',#4481);
#4481 = AXIS2_PLACEMENT_3D('',#4482,#4483,#4484);
#4482 = CARTESIAN_POINT('',(150.,0.,-190.1775));
#4483 = DIRECTION('',(0.,0.,1.));
#4484 = DIRECTION('',(1.,0.,0.));
#4485 = ADVANCED_FACE('',(#4486),#4489,.F.);
#4486 = FACE_BOUND('',#4487,.T.);
#4487 = EDGE_LOOP('',(#4488));
#4488 = ORIENTED_EDGE('',*,*,#4464,.F.);
#4489 = PLANE('',#4490);
#4490 = AXIS2_PLACEMENT_3D('',#4491,#4492,#4493);
#4491 = CARTESIAN_POINT('',(150.,0.,-194.8765));
#4492 = DIRECTION('',(0.,0.,1.));
#4493 = DIRECTION('',(1.,0.,0.));
#4494 = MANIFOLD_SOLID_BREP('',#4495);
#4495 = CLOSED_SHELL('',(#4496,#4529,#4549,#4558,#4583));
#4496 = ADVANCED_FACE('',(#4497),#4524,.T.);
#4497 = FACE_BOUND('',#4498,.T.);
#4498 = EDGE_LOOP('',(#4499,#4508,#4516,#4523));
#4499 = ORIENTED_EDGE('',*,*,#4500,.F.);
#4500 = EDGE_CURVE('',#4501,#4501,#4503,.T.);
#4501 = VERTEX_POINT('',#4502);
#4502 = CARTESIAN_POINT('',(151.7526,-4.292631960371E-16,-207.4165));
#4503 = CIRCLE('',#4504,1.7526);
#4504 = AXIS2_PLACEMENT_3D('',#4505,#4506,#4507);
#4505 = CARTESIAN_POINT('',(150.,0.,-207.4165));
#4506 = DIRECTION('',(0.,0.,1.));
#4507 = DIRECTION('',(1.,0.,0.));
#4508 = ORIENTED_EDGE('',*,*,#4509,.F.);
#4509 = EDGE_CURVE('',#4510,#4501,#4512,.T.);
#4510 = VERTEX_POINT('',#4511);
#4511 = CARTESIAN_POINT('',(151.7526,-4.292631960371E-16,-219.2275));
#4512 = LINE('',#4513,#4514);
#4513 = CARTESIAN_POINT('',(151.7526,-4.292631960371E-16,-219.2275));
#4514 = VECTOR('',#4515,1.);
#4515 = DIRECTION('',(0.,0.,1.));
#4516 = ORIENTED_EDGE('',*,*,#4517,.T.);
#4517 = EDGE_CURVE('',#4510,#4510,#4518,.T.);
#4518 = CIRCLE('',#4519,1.7526);
#4519 = AXIS2_PLACEMENT_3D('',#4520,#4521,#4522);
#4520 = CARTESIAN_POINT('',(150.,0.,-219.2275));
#4521 = DIRECTION('',(0.,0.,1.));
#4522 = DIRECTION('',(1.,0.,0.));
#4523 = ORIENTED_EDGE('',*,*,#4509,.T.);
#4524 = CYLINDRICAL_SURFACE('',#4525,1.7526);
#4525 = AXIS2_PLACEMENT_3D('',#4526,#4527,#4528);
#4526 = CARTESIAN_POINT('',(150.,0.,-219.2275));
#4527 = DIRECTION('',(0.,0.,1.));
#4528 = DIRECTION('',(1.,0.,0.));
#4529 = ADVANCED_FACE('',(#4530,#4541),#4544,.F.);
#4530 = FACE_BOUND('',#4531,.F.);
#4531 = EDGE_LOOP('',(#4532));
#4532 = ORIENTED_EDGE('',*,*,#4533,.T.);
#4533 = EDGE_CURVE('',#4534,#4534,#4536,.T.);
#4534 = VERTEX_POINT('',#4535);
#4535 = CARTESIAN_POINT('',(153.3655,-8.243097605061E-16,-207.4165));
#4536 = CIRCLE('',#4537,3.3655);
#4537 = AXIS2_PLACEMENT_3D('',#4538,#4539,#4540);
#4538 = CARTESIAN_POINT('',(150.,0.,-207.4165));
#4539 = DIRECTION('',(0.,0.,1.));
#4540 = DIRECTION('',(1.,0.,0.));
#4541 = FACE_BOUND('',#4542,.F.);
#4542 = EDGE_LOOP('',(#4543));
#4543 = ORIENTED_EDGE('',*,*,#4500,.F.);
#4544 = PLANE('',#4545);
#4545 = AXIS2_PLACEMENT_3D('',#4546,#4547,#4548);
#4546 = CARTESIAN_POINT('',(150.,0.,-207.4165));
#4547 = DIRECTION('',(0.,0.,1.));
#4548 = DIRECTION('',(1.,0.,0.));
#4549 = ADVANCED_FACE('',(#4550),#4553,.F.);
#4550 = FACE_BOUND('',#4551,.T.);
#4551 = EDGE_LOOP('',(#4552));
#4552 = ORIENTED_EDGE('',*,*,#4517,.F.);
#4553 = PLANE('',#4554);
#4554 = AXIS2_PLACEMENT_3D('',#4555,#4556,#4557);
#4555 = CARTESIAN_POINT('',(150.,0.,-219.2275));
#4556 = DIRECTION('',(0.,0.,1.));
#4557 = DIRECTION('',(1.,0.,0.));
#4558 = ADVANCED_FACE('',(#4559),#4578,.T.);
#4559 = FACE_BOUND('',#4560,.T.);
#4560 = EDGE_LOOP('',(#4561,#4570,#4576,#4577));
#4561 = ORIENTED_EDGE('',*,*,#4562,.F.);
#4562 = EDGE_CURVE('',#4563,#4563,#4565,.T.);
#4563 = VERTEX_POINT('',#4564);
#4564 = CARTESIAN_POINT('',(153.3655,-8.243097605061E-16,-204.8765));
#4565 = CIRCLE('',#4566,3.3655);
#4566 = AXIS2_PLACEMENT_3D('',#4567,#4568,#4569);
#4567 = CARTESIAN_POINT('',(150.,0.,-204.8765));
#4568 = DIRECTION('',(0.,0.,1.));
#4569 = DIRECTION('',(1.,0.,0.));
#4570 = ORIENTED_EDGE('',*,*,#4571,.F.);
#4571 = EDGE_CURVE('',#4534,#4563,#4572,.T.);
#4572 = LINE('',#4573,#4574);
#4573 = CARTESIAN_POINT('',(153.3655,-8.243097605061E-16,-207.4165));
#4574 = VECTOR('',#4575,1.);
#4575 = DIRECTION('',(0.,0.,1.));
#4576 = ORIENTED_EDGE('',*,*,#4533,.T.);
#4577 = ORIENTED_EDGE('',*,*,#4571,.T.);
#4578 = CYLINDRICAL_SURFACE('',#4579,3.3655);
#4579 = AXIS2_PLACEMENT_3D('',#4580,#4581,#4582);
#4580 = CARTESIAN_POINT('',(150.,0.,-207.4165));
#4581 = DIRECTION('',(0.,0.,1.));
#4582 = DIRECTION('',(1.,0.,0.));
#4583 = ADVANCED_FACE('',(#4584),#4587,.T.);
#4584 = FACE_BOUND('',#4585,.T.);
#4585 = EDGE_LOOP('',(#4586));
#4586 = ORIENTED_EDGE('',*,*,#4562,.T.);
#4587 = PLANE('',#4588);
#4588 = AXIS2_PLACEMENT_3D('',#4589,#4590,#4591);
#4589 = CARTESIAN_POINT('',(150.,0.,-204.8765));
#4590 = DIRECTION('',(0.,0.,1.));
#4591 = DIRECTION('',(1.,0.,0.));
#4592 = MANIFOLD_SOLID_BREP('',#4593);
#4593 = CLOSED_SHELL('',(#4594,#4627,#4647,#4667));
#4594 = ADVANCED_FACE('',(#4595),#4622,.T.);
#4595 = FACE_BOUND('',#4596,.T.);
#4596 = EDGE_LOOP('',(#4597,#4606,#4614,#4621));
#4597 = ORIENTED_EDGE('',*,*,#4598,.F.);
#4598 = EDGE_CURVE('',#4599,#4599,#4601,.T.);
#4599 = VERTEX_POINT('',#4600);
#4600 = CARTESIAN_POINT('',(162.319,-3.017284783739E-15,-229.2275));
#4601 = CIRCLE('',#4602,12.319);
#4602 = AXIS2_PLACEMENT_3D('',#4603,#4604,#4605);
#4603 = CARTESIAN_POINT('',(150.,0.,-229.2275));
#4604 = DIRECTION('',(0.,0.,1.));
#4605 = DIRECTION('',(1.,0.,0.));
#4606 = ORIENTED_EDGE('',*,*,#4607,.F.);
#4607 = EDGE_CURVE('',#4608,#4599,#4610,.T.);
#4608 = VERTEX_POINT('',#4609);
#4609 = CARTESIAN_POINT('',(162.319,-3.017284783739E-15,-232.5295));
#4610 = LINE('',#4611,#4612);
#4611 = CARTESIAN_POINT('',(162.319,-3.017284783739E-15,-232.5295));
#4612 = VECTOR('',#4613,1.);
#4613 = DIRECTION('',(0.,0.,1.));
#4614 = ORIENTED_EDGE('',*,*,#4615,.T.);
#4615 = EDGE_CURVE('',#4608,#4608,#4616,.T.);
#4616 = CIRCLE('',#4617,12.319);
#4617 = AXIS2_PLACEMENT_3D('',#4618,#4619,#4620);
#4618 = CARTESIAN_POINT('',(150.,0.,-232.5295));
#4619 = DIRECTION('',(0.,0.,1.));
#4620 = DIRECTION('',(1.,0.,0.));
#4621 = ORIENTED_EDGE('',*,*,#4607,.T.);
#4622 = CYLINDRICAL_SURFACE('',#4623,12.319);
#4623 = AXIS2_PLACEMENT_3D('',#4624,#4625,#4626);
#4624 = CARTESIAN_POINT('',(150.,0.,-232.5295));
#4625 = DIRECTION('',(0.,0.,1.));
#4626 = DIRECTION('',(1.,0.,0.));
#4627 = ADVANCED_FACE('',(#4628,#4631),#4642,.T.);
#4628 = FACE_BOUND('',#4629,.T.);
#4629 = EDGE_LOOP('',(#4630));
#4630 = ORIENTED_EDGE('',*,*,#4598,.T.);
#4631 = FACE_BOUND('',#4632,.T.);
#4632 = EDGE_LOOP('',(#4633));
#4633 = ORIENTED_EDGE('',*,*,#4634,.F.);
#4634 = EDGE_CURVE('',#4635,#4635,#4637,.T.);
#4635 = VERTEX_POINT('',#4636);
#4636 = CARTESIAN_POINT('',(153.175,-7.776507174586E-16,-229.2275));
#4637 = CIRCLE('',#4638,3.175);
#4638 = AXIS2_PLACEMENT_3D('',#4639,#4640,#4641);
#4639 = CARTESIAN_POINT('',(150.,0.,-229.2275));
#4640 = DIRECTION('',(0.,0.,1.));
#4641 = DIRECTION('',(1.,0.,0.));
#4642 = PLANE('',#4643);
#4643 = AXIS2_PLACEMENT_3D('',#4644,#4645,#4646);
#4644 = CARTESIAN_POINT('',(150.,0.,-229.2275));
#4645 = DIRECTION('',(0.,0.,1.));
#4646 = DIRECTION('',(1.,0.,0.));
#4647 = ADVANCED_FACE('',(#4648,#4651),#4662,.F.);
#4648 = FACE_BOUND('',#4649,.F.);
#4649 = EDGE_LOOP('',(#4650));
#4650 = ORIENTED_EDGE('',*,*,#4615,.T.);
#4651 = FACE_BOUND('',#4652,.F.);
#4652 = EDGE_LOOP('',(#4653));
#4653 = ORIENTED_EDGE('',*,*,#4654,.F.);
#4654 = EDGE_CURVE('',#4655,#4655,#4657,.T.);
#4655 = VERTEX_POINT('',#4656);
#4656 = CARTESIAN_POINT('',(153.175,-7.776507174586E-16,-232.5295));
#4657 = CIRCLE('',#4658,3.175);
#4658 = AXIS2_PLACEMENT_3D('',#4659,#4660,#4661);
#4659 = CARTESIAN_POINT('',(150.,0.,-232.5295));
#4660 = DIRECTION('',(0.,0.,1.));
#4661 = DIRECTION('',(1.,0.,0.));
#4662 = PLANE('',#4663);
#4663 = AXIS2_PLACEMENT_3D('',#4664,#4665,#4666);
#4664 = CARTESIAN_POINT('',(150.,0.,-232.5295));
#4665 = DIRECTION('',(0.,0.,1.));
#4666 = DIRECTION('',(1.,0.,0.));
#4667 = ADVANCED_FACE('',(#4668),#4679,.F.);
#4668 = FACE_BOUND('',#4669,.F.);
#4669 = EDGE_LOOP('',(#4670,#4671,#4677,#4678));
#4670 = ORIENTED_EDGE('',*,*,#4634,.F.);
#4671 = ORIENTED_EDGE('',*,*,#4672,.F.);
#4672 = EDGE_CURVE('',#4655,#4635,#4673,.T.);
#4673 = LINE('',#4674,#4675);
#4674 = CARTESIAN_POINT('',(153.175,-7.776507174586E-16,-232.5295));
#4675 = VECTOR('',#4676,1.);
#4676 = DIRECTION('',(0.,0.,1.));
#4677 = ORIENTED_EDGE('',*,*,#4654,.T.);
#4678 = ORIENTED_EDGE('',*,*,#4672,.T.);
#4679 = CYLINDRICAL_SURFACE('',#4680,3.175);
#4680 = AXIS2_PLACEMENT_3D('',#4681,#4682,#4683);
#4681 = CARTESIAN_POINT('',(150.,0.,-232.5295));
#4682 = DIRECTION('',(0.,0.,1.));
#4683 = DIRECTION('',(1.,0.,0.));
#4684 = MANIFOLD_SOLID_BREP('',#4685);
#4685 = CLOSED_SHELL('',(#4686,#4719,#4739,#4759));
#4686 = ADVANCED_FACE('',(#4687),#4714,.T.);
#4687 = FACE_BOUND('',#4688,.T.);
#4688 = EDGE_LOOP('',(#4689,#4698,#4706,#4713));
#4689 = ORIENTED_EDGE('',*,*,#4690,.F.);
#4690 = EDGE_CURVE('',#4691,#4691,#4693,.T.);
#4691 = VERTEX_POINT('',#4692);
#4692 = CARTESIAN_POINT('',(157.112,-1.741937607107E-15,-242.5295));
#4693 = CIRCLE('',#4694,7.112);
#4694 = AXIS2_PLACEMENT_3D('',#4695,#4696,#4697);
#4695 = CARTESIAN_POINT('',(150.,0.,-242.5295));
#4696 = DIRECTION('',(0.,0.,1.));
#4697 = DIRECTION('',(1.,0.,0.));
#4698 = ORIENTED_EDGE('',*,*,#4699,.F.);
#4699 = EDGE_CURVE('',#4700,#4691,#4702,.T.);
#4700 = VERTEX_POINT('',#4701);
#4701 = CARTESIAN_POINT('',(157.112,-1.741937607107E-15,-245.0695));
#4702 = LINE('',#4703,#4704);
#4703 = CARTESIAN_POINT('',(157.112,-1.741937607107E-15,-245.0695));
#4704 = VECTOR('',#4705,1.);
#4705 = DIRECTION('',(0.,0.,1.));
#4706 = ORIENTED_EDGE('',*,*,#4707,.T.);
#4707 = EDGE_CURVE('',#4700,#4700,#4708,.T.);
#4708 = CIRCLE('',#4709,7.112);
#4709 = AXIS2_PLACEMENT_3D('',#4710,#4711,#4712);
#4710 = CARTESIAN_POINT('',(150.,0.,-245.0695));
#4711 = DIRECTION('',(0.,0.,1.));
#4712 = DIRECTION('',(1.,0.,0.));
#4713 = ORIENTED_EDGE('',*,*,#4699,.T.);
#4714 = CYLINDRICAL_SURFACE('',#4715,7.112);
#4715 = AXIS2_PLACEMENT_3D('',#4716,#4717,#4718);
#4716 = CARTESIAN_POINT('',(150.,0.,-245.0695));
#4717 = DIRECTION('',(0.,0.,1.));
#4718 = DIRECTION('',(1.,0.,0.));
#4719 = ADVANCED_FACE('',(#4720,#4723),#4734,.T.);
#4720 = FACE_BOUND('',#4721,.T.);
#4721 = EDGE_LOOP('',(#4722));
#4722 = ORIENTED_EDGE('',*,*,#4690,.T.);
#4723 = FACE_BOUND('',#4724,.T.);
#4724 = EDGE_LOOP('',(#4725));
#4725 = ORIENTED_EDGE('',*,*,#4726,.F.);
#4726 = EDGE_CURVE('',#4727,#4727,#4729,.T.);
#4727 = VERTEX_POINT('',#4728);
#4728 = CARTESIAN_POINT('',(153.556,-8.709688035536E-16,-242.5295));
#4729 = CIRCLE('',#4730,3.556);
#4730 = AXIS2_PLACEMENT_3D('',#4731,#4732,#4733);
#4731 = CARTESIAN_POINT('',(150.,0.,-242.5295));
#4732 = DIRECTION('',(0.,0.,1.));
#4733 = DIRECTION('',(1.,0.,0.));
#4734 = PLANE('',#4735);
#4735 = AXIS2_PLACEMENT_3D('',#4736,#4737,#4738);
#4736 = CARTESIAN_POINT('',(150.,0.,-242.5295));
#4737 = DIRECTION('',(0.,0.,1.));
#4738 = DIRECTION('',(1.,0.,0.));
#4739 = ADVANCED_FACE('',(#4740,#4743),#4754,.F.);
#4740 = FACE_BOUND('',#4741,.F.);
#4741 = EDGE_LOOP('',(#4742));
#4742 = ORIENTED_EDGE('',*,*,#4707,.T.);
#4743 = FACE_BOUND('',#4744,.F.);
#4744 = EDGE_LOOP('',(#4745));
#4745 = ORIENTED_EDGE('',*,*,#4746,.F.);
#4746 = EDGE_CURVE('',#4747,#4747,#4749,.T.);
#4747 = VERTEX_POINT('',#4748);
#4748 = CARTESIAN_POINT('',(153.556,-8.709688035536E-16,-245.0695));
#4749 = CIRCLE('',#4750,3.556);
#4750 = AXIS2_PLACEMENT_3D('',#4751,#4752,#4753);
#4751 = CARTESIAN_POINT('',(150.,0.,-245.0695));
#4752 = DIRECTION('',(0.,0.,1.));
#4753 = DIRECTION('',(1.,0.,0.));
#4754 = PLANE('',#4755);
#4755 = AXIS2_PLACEMENT_3D('',#4756,#4757,#4758);
#4756 = CARTESIAN_POINT('',(150.,0.,-245.0695));
#4757 = DIRECTION('',(0.,0.,1.));
#4758 = DIRECTION('',(1.,0.,0.));
#4759 = ADVANCED_FACE('',(#4760),#4771,.F.);
#4760 = FACE_BOUND('',#4761,.F.);
#4761 = EDGE_LOOP('',(#4762,#4763,#4769,#4770));
#4762 = ORIENTED_EDGE('',*,*,#4726,.F.);
#4763 = ORIENTED_EDGE('',*,*,#4764,.F.);
#4764 = EDGE_CURVE('',#4747,#4727,#4765,.T.);
#4765 = LINE('',#4766,#4767);
#4766 = CARTESIAN_POINT('',(153.556,-8.709688035536E-16,-245.0695));
#4767 = VECTOR('',#4768,1.);
#4768 = DIRECTION('',(0.,0.,1.));
#4769 = ORIENTED_EDGE('',*,*,#4746,.T.);
#4770 = ORIENTED_EDGE('',*,*,#4764,.T.);
#4771 = CYLINDRICAL_SURFACE('',#4772,3.556);
#4772 = AXIS2_PLACEMENT_3D('',#4773,#4774,#4775);
#4773 = CARTESIAN_POINT('',(150.,0.,-245.0695));
#4774 = DIRECTION('',(0.,0.,1.));
#4775 = DIRECTION('',(1.,0.,0.));
#4776 = ( GEOMETRIC_REPRESENTATION_CONTEXT(3) 
GLOBAL_UNCERTAINTY_ASSIGNED_CONTEXT((#4780)) 
GLOBAL_UNIT_ASSIGNED_CONTEXT((#4777,#4778,#4779)) REPRESENTATION_CONTEXT
('Context #1','3D Context with UNIT and UNCERTAINTY') );
#4777 = ( LENGTH_UNIT() NAMED_UNIT(*) SI_UNIT(.MILLI.,.METRE.) );
#4778 = ( NAMED_UNIT(*) PLANE_ANGLE_UNIT() SI_UNIT($,.RADIAN.) );
#4779 = ( NAMED_UNIT(*) SI_UNIT($,.STERADIAN.) SOLID_ANGLE_UNIT() );
#4780 = UNCERTAINTY_MEASURE_WITH_UNIT(LENGTH_MEASURE(1.E-07),#4777,
  'distance_accuracy_value','confusion accuracy');
#4781 = PRODUCT_RELATED_PRODUCT_CATEGORY('part',$,(#7));
ENDSEC;
END-ISO-10303-21;
